curve,series,wind_speed_m_per_s,failure_probability
New pole,digitized,22.20000000000003,0.0
New pole,digitized,22.300000000000033,0.0
New pole,digitized,22.40000000000003,0.0
New pole,digitized,22.500000000000036,0.0
New pole,digitized,22.600000000000037,0.0
New pole,digitized,22.70000000000004,0.0
New pole,digitized,22.80000000000004,0.0
New pole,digitized,22.90000000000004,0.0
New pole,digitized,23.000000000000043,0.0
New pole,digitized,23.100000000000044,0.0
New pole,digitized,23.200000000000045,0.0
New pole,digitized,23.300000000000047,0.0
New pole,digitized,23.40000000000005,0.0
New pole,digitized,23.50000000000005,0.0
New pole,digitized,23.60000000000005,0.0
New pole,digitized,23.700000000000053,0.0
New pole,digitized,23.800000000000058,0.0
New pole,digitized,23.900000000000055,0.0
New pole,digitized,24.000000000000057,0.0
New pole,digitized,24.10000000000006,0.0
New pole,digitized,24.20000000000006,0.0
New pole,digitized,24.30000000000006,0.0
New pole,digitized,24.400000000000063,0.0
New pole,digitized,24.500000000000064,0.0
New pole,digitized,24.600000000000065,0.0
New pole,digitized,24.700000000000067,0.0
New pole,digitized,24.800000000000068,0.0
New pole,digitized,24.90000000000007,0.0
New pole,digitized,25.00000000000007,0.0
New pole,digitized,25.100000000000072,0.0
New pole,digitized,25.20000000000007,0.0
New pole,digitized,25.300000000000075,0.0
New pole,digitized,25.400000000000077,0.0
New pole,digitized,25.50000000000008,0.0
New pole,digitized,25.60000000000008,0.0
New pole,digitized,25.70000000000008,0.0
New pole,digitized,25.80000000000008,0.0
New pole,digitized,25.900000000000084,0.0
New pole,digitized,26.000000000000085,0.0
New pole,digitized,26.100000000000087,0.0
New pole,digitized,26.200000000000088,0.0
New pole,digitized,26.30000000000009,0.0
New pole,digitized,26.40000000000009,0.0
New pole,digitized,26.500000000000092,0.0
New pole,digitized,26.600000000000097,0.0
New pole,digitized,26.700000000000095,0.0
New pole,digitized,26.800000000000097,0.0
New pole,digitized,26.900000000000095,0.0
New pole,digitized,27.0000000000001,0.0
New pole,digitized,27.100000000000104,0.0
New pole,digitized,27.200000000000102,0.0
New pole,digitized,27.300000000000104,0.0
New pole,digitized,27.400000000000105,0.0
New pole,digitized,27.500000000000107,0.0
New pole,digitized,27.600000000000108,0.0
New pole,digitized,27.70000000000011,0.0
New pole,digitized,27.80000000000011,0.0
New pole,digitized,27.900000000000112,0.0
New pole,digitized,28.000000000000117,0.0
New pole,digitized,28.100000000000115,0.0
New pole,digitized,28.200000000000117,0.0
New pole,digitized,28.30000000000012,0.0
New pole,digitized,28.400000000000123,0.0
New pole,digitized,28.50000000000012,0.0
New pole,digitized,28.60000000000012,0.0
New pole,digitized,28.700000000000127,0.0
New pole,digitized,28.80000000000013,0.0
New pole,digitized,28.90000000000013,0.0
New pole,digitized,29.000000000000128,0.0
New pole,digitized,29.10000000000013,0.0
New pole,digitized,29.200000000000134,0.0
New pole,digitized,29.300000000000136,0.0
New pole,digitized,29.400000000000137,0.0
New pole,digitized,29.500000000000135,0.0
New pole,digitized,29.60000000000014,0.0
New pole,digitized,29.70000000000014,0.0
New pole,digitized,29.800000000000143,0.0
New pole,digitized,29.90000000000014,0.0
New pole,digitized,30.000000000000146,0.0
New pole,digitized,30.100000000000147,0.0
New pole,digitized,30.20000000000015,0.0
New pole,digitized,30.30000000000015,0.0
New pole,digitized,30.400000000000148,0.0
New pole,digitized,30.500000000000153,0.0
New pole,digitized,30.60000000000015,0.0
New pole,digitized,30.700000000000156,0.0
New pole,digitized,30.800000000000153,0.0
New pole,digitized,30.90000000000016,0.0
New pole,digitized,31.00000000000016,0.0
New pole,digitized,31.10000000000016,0.0
New pole,digitized,31.200000000000163,0.0
New pole,digitized,31.30000000000016,0.0
New pole,digitized,31.40000000000017,0.0
New pole,digitized,31.500000000000167,0.0
New pole,digitized,31.60000000000017,0.0
New pole,digitized,31.70000000000017,0.0
New pole,digitized,31.80000000000017,0.0
New pole,digitized,31.900000000000173,0.0
New pole,digitized,32.00000000000017,0.0
New pole,digitized,32.10000000000017,0.0
New pole,digitized,32.20000000000017,0.0
New pole,digitized,32.30000000000018,0.0
New pole,digitized,32.400000000000176,0.0
New pole,digitized,32.500000000000185,0.0
New pole,digitized,32.60000000000018,0.0
New pole,digitized,32.70000000000019,0.0
New pole,digitized,32.80000000000018,0.0
New pole,digitized,32.90000000000018,0.0
New pole,digitized,33.000000000000185,0.0
New pole,digitized,33.10000000000019,0.0
New pole,digitized,33.20000000000019,0.0
New pole,digitized,33.300000000000196,0.0
New pole,digitized,33.40000000000019,0.0
New pole,digitized,33.5000000000002,0.0
New pole,digitized,33.60000000000019,0.0
New pole,digitized,33.7000000000002,0.0
New pole,digitized,33.800000000000196,0.0
New pole,digitized,33.9000000000002,0.0
New pole,digitized,34.0000000000002,0.0
New pole,digitized,34.10000000000021,0.0
New pole,digitized,34.2000000000002,0.0
New pole,digitized,34.30000000000021,0.0
New pole,digitized,34.400000000000205,0.0
New pole,digitized,34.50000000000021,0.0
New pole,digitized,34.60000000000021,0.0
New pole,digitized,34.70000000000021,0.0
New pole,digitized,34.80000000000021,0.0
New pole,digitized,34.90000000000022,0.0
New pole,digitized,35.00000000000021,0.0
New pole,digitized,35.10000000000022,0.0
New pole,digitized,35.200000000000216,0.0
New pole,digitized,35.300000000000225,0.0
New pole,digitized,35.40000000000022,0.0
New pole,digitized,35.50000000000023,0.0
New pole,digitized,35.60000000000022,0.0
New pole,digitized,35.70000000000022,0.0
New pole,digitized,35.800000000000225,0.0
New pole,digitized,35.90000000000023,0.0
New pole,digitized,36.00000000000023,0.0
New pole,digitized,36.10000000000024,0.0
New pole,digitized,36.20000000000023,0.0
New pole,digitized,36.30000000000024,0.0
New pole,digitized,36.40000000000023,0.0
New pole,digitized,36.500000000000234,0.0
New pole,digitized,36.60000000000024,0.0
New pole,digitized,36.70000000000024,0.0
New pole,digitized,36.80000000000024,0.0
New pole,digitized,36.90000000000025,0.0
New pole,digitized,37.00000000000024,0.0
New pole,digitized,37.10000000000025,0.0
New pole,digitized,37.20000000000024,0.0
New pole,digitized,37.30000000000025,0.0
New pole,digitized,37.40000000000025,0.0
New pole,digitized,37.50000000000025,0.0
New pole,digitized,37.60000000000025,0.0
New pole,digitized,37.70000000000026,0.0
New pole,digitized,37.80000000000025,0.0
New pole,digitized,37.90000000000026,0.0
New pole,digitized,38.000000000000256,0.0
New pole,digitized,38.100000000000264,0.0
New pole,digitized,38.20000000000026,0.0
New pole,digitized,38.30000000000026,0.0
New pole,digitized,38.40000000000026,0.0
New pole,digitized,38.50000000000027,0.0
New pole,digitized,38.600000000000264,0.0
New pole,digitized,38.70000000000027,0.0
New pole,digitized,38.80000000000027,0.0
New pole,digitized,38.90000000000027,0.0
New pole,digitized,39.00000000000027,0.0
New pole,digitized,39.10000000000028,0.0
New pole,digitized,39.20000000000027,2.220446049250313e-16
New pole,digitized,39.30000000000028,0.0
New pole,digitized,39.40000000000027,0.0
New pole,digitized,39.50000000000029,2.398081733190338e-14
New pole,digitized,39.600000000000286,0.0
New pole,digitized,39.70000000000029,0.0
New pole,digitized,39.80000000000028,4.71422900716334e-12
New pole,digitized,39.90000000000029,0.0
New pole,digitized,40.00000000000029,0.0
New pole,digitized,40.100000000000286,9.146867707698901e-10
New pole,digitized,40.20000000000029,0.0
New pole,digitized,40.300000000000296,0.0
New pole,digitized,40.40000000000029,1.751785938530759e-07
New pole,digitized,40.5000000000003,0.0
New pole,digitized,40.60000000000029,0.0
New pole,digitized,40.7000000000003,3.31393286403e-05
New pole,digitized,40.800000000000296,0.0
New pole,digitized,40.900000000000304,0.0015749658622967
New pole,digitized,41.0000000000003,0.002114915393232
New pole,digitized,41.10000000000031,0.0019844497032159
New pole,digitized,41.2000000000003,0.0027190558697727
New pole,digitized,41.30000000000031,0.0019694770877389
New pole,digitized,41.40000000000031,0.0020671027961927
New pole,digitized,41.50000000000031,0.0020507342171547
New pole,digitized,41.60000000000031,0.002220131155332
New pole,digitized,41.700000000000315,0.0011163915858585
New pole,digitized,41.80000000000031,0.0035457510588428
New pole,digitized,41.90000000000031,0.0058985675805747
New pole,digitized,42.00000000000031,0.0059275608754412
New pole,digitized,42.10000000000032,0.0061736194067616
New pole,digitized,42.200000000000315,0.0061756892929532
New pole,digitized,42.30000000000032,0.0062302804669545
New pole,digitized,42.40000000000032,0.0061715209323016
New pole,digitized,42.50000000000033,0.0086494905974876
New pole,digitized,42.60000000000032,0.0089451639717381
New pole,digitized,42.70000000000033,0.0089149636818792
New pole,digitized,42.80000000000032,0.0086024204345276
New pole,digitized,42.90000000000033,0.0088501978856212
New pole,digitized,43.00000000000033,0.0108868826800898
New pole,digitized,43.100000000000335,0.0115172278604809
New pole,digitized,43.20000000000034,0.0120936794512533
New pole,digitized,43.30000000000034,0.0134586726288552
New pole,digitized,43.40000000000033,0.0146601992418529
New pole,digitized,43.50000000000034,0.0143309463272987
New pole,digitized,43.600000000000335,0.0148812678847212
New pole,digitized,43.700000000000344,0.017312442039574
New pole,digitized,43.80000000000034,0.0170978960123033
New pole,digitized,43.90000000000035,0.0175782705329268
New pole,digitized,44.00000000000035,0.0200239117396884
New pole,digitized,44.10000000000035,0.0200590267188602
New pole,digitized,44.200000000000344,0.02110868233353
New pole,digitized,44.30000000000035,0.0221021154541678
New pole,digitized,44.40000000000035,0.0223130504965912
New pole,digitized,44.500000000000355,0.0259056863142892
New pole,digitized,44.60000000000036,0.0268259013955182
New pole,digitized,44.70000000000035,0.0290836663343445
New pole,digitized,44.80000000000036,0.0288023711227196
New pole,digitized,44.900000000000354,0.0295870775203739
New pole,digitized,45.00000000000036,0.0323363514372692
New pole,digitized,45.10000000000037,0.0341164370939176
New pole,digitized,45.20000000000036,0.0350162613840494
New pole,digitized,45.30000000000037,0.035811628409448
New pole,digitized,45.40000000000037,0.0381744865152173
New pole,digitized,45.50000000000037,0.0404625816245935
New pole,digitized,45.60000000000037,0.041181805009249
New pole,digitized,45.700000000000365,0.0431016850472619
New pole,digitized,45.800000000000374,0.0465119323828898
New pole,digitized,45.900000000000375,0.04721352863212
New pole,digitized,46.00000000000037,0.0492925758729165
New pole,digitized,46.10000000000038,0.0526377968958294
New pole,digitized,46.20000000000037,0.0525762296243866
New pole,digitized,46.30000000000038,0.0564357499148588
New pole,digitized,46.40000000000038,0.0560485840100636
New pole,digitized,46.50000000000038,0.0611934473756619
New pole,digitized,46.600000000000385,0.0641968986536524
New pole,digitized,46.70000000000038,0.063450545805191
New pole,digitized,46.80000000000039,0.0681125460802488
New pole,digitized,46.90000000000039,0.0698114215862564
New pole,digitized,47.000000000000384,0.0718807059156679
New pole,digitized,47.10000000000039,0.0763473300241192
New pole,digitized,47.200000000000394,0.0778475408279766
New pole,digitized,47.300000000000395,0.0801625213434256
New pole,digitized,47.4000000000004,0.0846063835807975
New pole,digitized,47.50000000000039,0.084084887040233
New pole,digitized,47.6000000000004,0.0869514540331569
New pole,digitized,47.7000000000004,0.094136098059361
New pole,digitized,47.800000000000395,0.0947308777179964
New pole,digitized,47.9000000000004,0.0997411550195351
New pole,digitized,48.0000000000004,0.1008903613154033
New pole,digitized,48.100000000000406,0.1066120983283163
New pole,digitized,48.20000000000041,0.1100658392282774
New pole,digitized,48.3000000000004,0.1117944858290822
New pole,digitized,48.40000000000041,0.1177213114123398
New pole,digitized,48.50000000000041,0.1200620584215825
New pole,digitized,48.60000000000041,0.1235787973564697
New pole,digitized,48.700000000000415,0.1251078514780957
New pole,digitized,48.80000000000041,0.134028986871706
New pole,digitized,48.90000000000042,0.135524064461372
New pole,digitized,49.00000000000042,0.1410690755618046
New pole,digitized,49.10000000000042,0.1445053966266999
New pole,digitized,49.20000000000042,0.1482976533669601
New pole,digitized,49.300000000000416,0.1518992996937118
New pole,digitized,49.400000000000425,0.1562609669040489
New pole,digitized,49.500000000000426,0.1630016768642055
New pole,digitized,49.60000000000042,0.164546565203169
New pole,digitized,49.70000000000043,0.1714232643880295
New pole,digitized,49.80000000000042,0.1741811138165646
New pole,digitized,49.90000000000043,0.1791873495012551
New pole,digitized,50.00000000000043,0.1848755108366186
New pole,digitized,50.10000000000043,0.1894956332589292
New pole,digitized,50.20000000000043,0.1935475275546905
New pole,digitized,50.30000000000044,0.1963769806819233
New pole,digitized,50.40000000000044,0.2017415784469167
New pole,digitized,50.50000000000044,0.2108595856141558
New pole,digitized,50.600000000000435,0.2124047626307632
New pole,digitized,50.70000000000044,0.2162551721343228
New pole,digitized,50.800000000000445,0.2251238177999808
New pole,digitized,50.900000000000446,0.2287038139234052
New pole,digitized,51.00000000000045,0.2340070040892361
New pole,digitized,51.10000000000044,0.2371958317360983
New pole,digitized,51.20000000000044,0.2446525971067599
New pole,digitized,51.30000000000045,0.2509783145308907
New pole,digitized,51.40000000000045,0.2523446974142651
New pole,digitized,51.500000000000455,0.2608721196090102
New pole,digitized,51.600000000000456,0.2674709745099695
New pole,digitized,51.70000000000045,0.2716009768588512
New pole,digitized,51.80000000000046,0.2784089736252081
New pole,digitized,51.90000000000046,0.2845970013009564
New pole,digitized,52.00000000000046,0.2898217970317228
New pole,digitized,52.10000000000046,0.29970298719311
New pole,digitized,52.20000000000046,0.2997443521772889
New pole,digitized,52.300000000000466,0.3069458932681097
New pole,digitized,52.40000000000047,0.3156856617720347
New pole,digitized,52.50000000000047,0.3195877509840008
New pole,digitized,52.60000000000047,0.3247106361455154
New pole,digitized,52.700000000000465,0.3347503143446559
New pole,digitized,52.800000000000466,0.3382216185669282
New pole,digitized,52.900000000000475,0.3450221204664215
New pole,digitized,53.00000000000048,0.3497126185509767
New pole,digitized,53.10000000000048,0.3581876311451479
New pole,digitized,53.20000000000047,0.3650380663170924
New pole,digitized,53.30000000000047,0.3677763349540628
New pole,digitized,53.40000000000048,0.3761130342965251
New pole,digitized,53.50000000000048,0.3803243000334385
New pole,digitized,53.600000000000485,0.3891187170731996
New pole,digitized,53.70000000000048,0.3971849743891997
New pole,digitized,53.80000000000048,0.3994981134587464
New pole,digitized,53.90000000000049,0.4095701877671602
New pole,digitized,54.00000000000049,0.4126038071102389
New pole,digitized,54.10000000000049,0.4196253169589123
New pole,digitized,54.200000000000486,0.4291626181397738
New pole,digitized,54.30000000000049,0.4335166110808544
New pole,digitized,54.400000000000496,0.4403864298488444
New pole,digitized,54.5000000000005,0.4514856123334706
New pole,digitized,54.6000000000005,0.450597831498245
New pole,digitized,54.7000000000005,0.4562802728063568
New pole,digitized,54.800000000000495,0.4665268993746073
New pole,digitized,54.9000000000005,0.4720853347870679
New pole,digitized,55.000000000000504,0.4775565961310802
New pole,digitized,55.100000000000506,0.4813537356788648
New pole,digitized,55.20000000000051,0.4927051079828985
New pole,digitized,55.3000000000005,0.4955781582702534
New pole,digitized,55.40000000000051,0.502146824788341
New pole,digitized,55.50000000000051,0.5131039551385853
New pole,digitized,55.60000000000051,0.5164742824039819
New pole,digitized,55.700000000000514,0.5227345742103531
New pole,digitized,55.80000000000051,0.5261414191233349
New pole,digitized,55.90000000000052,0.53609186891403
New pole,digitized,56.00000000000052,0.5419830930969254
New pole,digitized,56.10000000000052,0.5456119102224329
New pole,digitized,56.20000000000052,0.5524760943482172
New pole,digitized,56.30000000000051,0.55950099268137
New pole,digitized,56.40000000000052,0.5621737149812018
New pole,digitized,56.500000000000526,0.5731319249729744
New pole,digitized,56.60000000000053,0.5798528335973139
New pole,digitized,56.70000000000053,0.5810278475303983
New pole,digitized,56.80000000000052,0.5929526071834258
New pole,digitized,56.90000000000053,0.597053312892132
New pole,digitized,57.00000000000053,0.6016223255076434
New pole,digitized,57.100000000000534,0.6128370390373965
New pole,digitized,57.200000000000536,0.6145106527486337
New pole,digitized,57.30000000000053,0.6215663098075632
New pole,digitized,57.40000000000053,0.6237091237015369
New pole,digitized,57.50000000000054,0.6335213415558296
New pole,digitized,57.60000000000054,0.6381532413494482
New pole,digitized,57.70000000000054,0.6411458626086903
New pole,digitized,57.800000000000544,0.6484963112291394
New pole,digitized,57.90000000000054,0.6576171122411617
New pole,digitized,58.00000000000055,0.6590815015676296
New pole,digitized,58.10000000000055,0.6672128673915722
New pole,digitized,58.20000000000055,0.6758530459623622
New pole,digitized,58.30000000000055,0.6763905958991586
New pole,digitized,58.400000000000546,0.6832214127680233
New pole,digitized,58.500000000000554,0.685683588072631
New pole,digitized,58.60000000000056,0.6945171613242642
New pole,digitized,58.70000000000056,0.699958136346183
New pole,digitized,58.80000000000056,0.7006330268773108
New pole,digitized,58.90000000000055,0.7091996845870467
New pole,digitized,59.00000000000056,0.7119097673560174
New pole,digitized,59.10000000000056,0.7182650629786416
New pole,digitized,59.20000000000056,0.7269318830879989
New pole,digitized,59.300000000000566,0.7291071574061545
New pole,digitized,59.40000000000056,0.7357448192227095
New pole,digitized,59.50000000000057,0.7412285132829008
New pole,digitized,59.60000000000057,0.7426519735840769
New pole,digitized,59.70000000000057,0.7478142430446232
New pole,digitized,59.80000000000057,0.7555299780118597
New pole,digitized,59.90000000000057,0.7576734338286607
New pole,digitized,60.000000000000576,0.7634673273718947
New pole,digitized,60.10000000000058,0.7644027174369511
New pole,digitized,60.20000000000058,0.7711583201561565
New pole,digitized,60.30000000000058,0.7745266349459609
New pole,digitized,60.400000000000574,0.7780316754628377
New pole,digitized,60.500000000000576,0.7864731682666214
New pole,digitized,60.600000000000584,0.7878964432872555
New pole,digitized,60.700000000000585,0.7907579791528978
New pole,digitized,60.80000000000059,0.8001517386524203
New pole,digitized,60.90000000000059,0.7979085736430384
New pole,digitized,61.00000000000058,0.8027939270213025
New pole,digitized,61.10000000000059,0.8076498710573653
New pole,digitized,61.20000000000059,0.8111461127873854
New pole,digitized,61.300000000000594,0.8158824613624666
New pole,digitized,61.400000000000595,0.8177353102529161
New pole,digitized,61.50000000000059,0.8225208093063012
New pole,digitized,61.6000000000006,0.8271067542557571
New pole,digitized,61.7000000000006,0.8272827271784834
New pole,digitized,61.8000000000006,0.8351477844273963
New pole,digitized,61.9000000000006,0.83675956013281
New pole,digitized,62.0000000000006,0.8388449831404436
New pole,digitized,62.100000000000605,0.840490820087452
New pole,digitized,62.20000000000061,0.8444798202169157
New pole,digitized,62.30000000000061,0.8485034272520832
New pole,digitized,62.40000000000061,0.8530838866663717
New pole,digitized,62.50000000000061,0.8574137903385727
New pole,digitized,62.60000000000061,0.8606857301474777
New pole,digitized,62.700000000000614,0.8620831595422085
New pole,digitized,62.800000000000615,0.8653617947103712
New pole,digitized,62.90000000000062,0.868546215610495
New pole,digitized,63.00000000000061,0.8729693021264514
New pole,digitized,63.10000000000062,0.8743364366456258
New pole,digitized,63.20000000000062,0.8751097500402593
New pole,digitized,63.30000000000062,0.8804893484989182
New pole,digitized,63.400000000000624,0.8837071666708801
New pole,digitized,63.50000000000062,0.887342776961919
New pole,digitized,63.60000000000063,0.8904723498673683
New pole,digitized,63.70000000000063,0.8913392580859489
New pole,digitized,63.80000000000063,0.8947823116069615
New pole,digitized,63.90000000000063,0.896587482901765
New pole,digitized,64.00000000000063,0.8982832164359753
New pole,digitized,64.10000000000062,0.9010235657132616
New pole,digitized,64.20000000000061,0.9035468403223584
New pole,digitized,64.30000000000061,0.9073631760923996
New pole,digitized,64.4000000000006,0.9090902119987356
New pole,digitized,64.5000000000006,0.9089281063167394
New pole,digitized,64.6000000000006,0.9131875035628476
New pole,digitized,64.70000000000059,0.9160677232801578
New pole,digitized,64.80000000000058,0.9164271885988586
New pole,digitized,64.90000000000057,0.9195111063817816
New pole,digitized,65.00000000000057,0.9216309211918892
New pole,digitized,65.10000000000056,0.9226694771023196
New pole,digitized,65.20000000000056,0.923499312505798
New pole,digitized,65.30000000000055,0.924252886474092
New pole,digitized,65.40000000000055,0.9265701101736874
New pole,digitized,65.50000000000054,0.9289217112872388
New pole,digitized,65.60000000000053,0.9316497378338576
New pole,digitized,65.70000000000053,0.9343656434628104
New pole,digitized,65.80000000000052,0.9366808818233636
New pole,digitized,65.90000000000052,0.938740180610418
New pole,digitized,66.00000000000051,0.9394024279900672
New pole,digitized,66.1000000000005,0.9406534341048368
New pole,digitized,66.2000000000005,0.9418503352995984
New pole,digitized,66.3000000000005,0.9429723984414072
New pole,digitized,66.40000000000049,0.944121665157765
New pole,digitized,66.5000000000005,0.946272405401152
New pole,digitized,66.60000000000048,0.9483378966535416
New pole,digitized,66.70000000000047,0.948732009584155
New pole,digitized,66.80000000000047,0.951117842349849
New pole,digitized,66.90000000000046,0.9520194692833024
New pole,digitized,67.00000000000045,0.9542599747724506
New pole,digitized,67.10000000000045,0.954454079378403
New pole,digitized,67.20000000000044,0.9545900865689938
New pole,digitized,67.30000000000044,0.9583703681970148
New pole,digitized,67.40000000000043,0.9578585097668468
New pole,digitized,67.50000000000043,0.9589382115958772
New pole,digitized,67.60000000000042,0.9603775650401488
New pole,digitized,67.70000000000041,0.960897897228533
New pole,digitized,67.80000000000041,0.9630665529391506
New pole,digitized,67.9000000000004,0.9631023395756734
New pole,digitized,68.0000000000004,0.9638862539298148
New pole,digitized,68.10000000000039,0.9661754167098808
New pole,digitized,68.20000000000039,0.9673454842179586
New pole,digitized,68.30000000000038,0.9670531750569848
New pole,digitized,68.40000000000039,0.9696381263212012
New pole,digitized,68.50000000000037,0.969122614471706
New pole,digitized,68.60000000000036,0.9709536802601376
New pole,digitized,68.70000000000036,0.9726249730953044
New pole,digitized,68.80000000000035,0.9728484396193549
New pole,digitized,68.90000000000035,0.9722187370741278
New pole,digitized,69.00000000000034,0.9746766351630082
New pole,digitized,69.10000000000034,0.9756203994038676
New pole,digitized,69.20000000000033,0.9754888365779
New pole,digitized,69.30000000000032,0.9755375187225872
New pole,digitized,69.40000000000032,0.9752281671788778
New pole,digitized,69.50000000000031,0.9783751015521076
New pole,digitized,69.6000000000003,0.9779018763649616
New pole,digitized,69.7000000000003,0.9788222428079294
New pole,digitized,69.8000000000003,0.9802016423116346
New pole,digitized,69.90000000000029,0.9812579771060774
New pole,digitized,70.00000000000028,0.9809276685709174
New pole,digitized,70.10000000000028,0.9809710365324478
New pole,digitized,70.20000000000027,0.9807658794539614
New pole,digitized,70.30000000000028,0.9828707524433083
New pole,digitized,70.40000000000026,0.9837207884692056
New pole,digitized,70.50000000000026,0.983733621268141
New pole,digitized,70.60000000000025,0.9837207067562468
New pole,digitized,70.70000000000024,0.9842958415271212
New pole,digitized,70.80000000000024,0.98725115639452
New pole,digitized,70.90000000000023,0.9862685761679172
New pole,digitized,71.00000000000023,0.9871105244631956
New pole,digitized,71.10000000000022,0.9871223609711872
New pole,digitized,71.20000000000022,0.9872269987718942
New pole,digitized,71.30000000000021,0.9869826615286648
New pole,digitized,71.40000000000022,0.9888198137798596
New pole,digitized,71.5000000000002,0.9902506651214684
New pole,digitized,71.6000000000002,0.9892163065471524
New pole,digitized,71.70000000000019,0.989954155620684
New pole,digitized,71.80000000000018,0.9898884958085276
New pole,digitized,71.90000000000018,0.9898381830098808
New pole,digitized,72.00000000000017,0.990627937052082
New pole,digitized,72.10000000000016,0.9905081280746908
New pole,digitized,72.20000000000017,0.9910894148822668
New pole,digitized,72.30000000000015,0.9920247802138388
New pole,digitized,72.40000000000015,0.9926978286826136
New pole,digitized,72.50000000000014,0.9926304711835984
New pole,digitized,72.60000000000014,0.9926384979327983
New pole,digitized,72.70000000000013,0.9926380417966796
New pole,digitized,72.80000000000013,0.9926438787901952
New pole,digitized,72.90000000000012,0.9933374404394212
New pole,digitized,73.00000000000013,0.9942472664745704
New pole,digitized,73.10000000000011,0.9952786302704963
New pole,digitized,73.2000000000001,0.996065629393318
New pole,digitized,73.30000000000011,0.9959993387939644
New pole,digitized,73.40000000000009,0.9960858457064132
New pole,digitized,73.50000000000009,0.9960707272797442
New pole,digitized,73.60000000000008,0.9960708363363586
New pole,digitized,73.70000000000007,0.9960711199675872
New pole,digitized,73.80000000000007,0.996071384705574
New pole,digitized,73.90000000000006,0.9960744531975246
New pole,digitized,74.00000000000006,0.9960454880332084
New pole,digitized,74.10000000000007,0.9961268621907056
New pole,digitized,74.20000000000005,0.996162975461019
New pole,digitized,74.30000000000004,0.996999696379981
New pole,digitized,74.40000000000003,0.9980457359791112
New pole,digitized,74.50000000000003,0.9990322691030592
New pole,digitized,74.60000000000002,0.9999215106937214
New pole,digitized,74.70000000000002,0.9988881409262124
New pole,digitized,74.80000000000001,0.9988246616701928
New pole,digitized,74.90000000000002,0.9988137376872338
New pole,digitized,75.0,0.9988174726936956
New pole,digitized,75.1,0.9988170915926594
New pole,digitized,75.2,0.9988170439471814
New pole,digitized,75.29999999999998,0.9988170632806472
New pole,digitized,75.39999999999998,0.9988170606666428
New pole,digitized,75.49999999999997,0.9988170818493052
New pole,digitized,75.59999999999997,0.9988169628315638
New pole,digitized,75.69999999999996,0.9988170113222692
New pole,digitized,75.79999999999995,0.9988207139336004
New pole,digitized,75.89999999999995,0.9987974532774794
New pole,digitized,75.99999999999996,0.998845450343836
New pole,digitized,76.09999999999994,0.9988825523068956
New pole,digitized,76.19999999999993,0.998886274248368
New pole,digitized,76.29999999999993,0.9988213433102268
New pole,digitized,76.39999999999993,0.99836499757609
New pole,digitized,76.49999999999991,0.998059322847251
New pole,digitized,76.59999999999992,0.9981251561818528
New pole,digitized,76.6999999999999,0.9981237359545788
New pole,lognormal_fit,20.0,1.0819235305213761e-19
New pole,lognormal_fit,20.140280561122246,1.8968602870442106e-19
New pole,lognormal_fit,20.28056112224449,3.3003377938823135e-19
New pole,lognormal_fit,20.420841683366735,5.699317076268981e-19
New pole,lognormal_fit,20.561122244488978,9.769771475460625e-19
New pole,lognormal_fit,20.701402805611224,1.662637786114708e-18
New pole,lognormal_fit,20.841683366733466,2.8094143042219774e-18
New pole,lognormal_fit,20.981963927855713,4.714014012403538e-18
New pole,lognormal_fit,21.122244488977955,7.855498385968344e-18
New pole,lognormal_fit,21.2625250501002,1.3002118746103461e-17
New pole,lognormal_fit,21.402805611222444,2.1377682703814827e-17
New pole,lognormal_fit,21.54308617234469,3.491891701881188e-17
New pole,lognormal_fit,21.683366733466933,5.66710192016434e-17
New pole,lognormal_fit,21.82364729458918,9.139172146790298e-17
New pole,lognormal_fit,21.96392785571142,1.4646799559602897e-16
New pole,lognormal_fit,22.104208416833668,2.3329862038765963e-16
New pole,lognormal_fit,22.24448897795591,3.6936668720939935e-16
New pole,lognormal_fit,22.384769539078157,5.813277549592892e-16
New pole,lognormal_fit,22.5250501002004,9.095842803987054e-16
New pole,lognormal_fit,22.665330661322646,1.4150223481146862e-15
New pole,lognormal_fit,22.805611222444888,2.1888761512015157e-15
New pole,lognormal_fit,22.945891783567134,3.3670911583670136e-15
New pole,lognormal_fit,23.08617234468938,5.151121761360543e-15
New pole,lognormal_fit,23.226452905811623,7.837881668580558e-15
New pole,lognormal_fit,23.366733466933866,1.1862643255357885e-14
New pole,lognormal_fit,23.507014028056112,1.7860158996882285e-14
New pole,lognormal_fit,23.647294589178358,2.6751290808186723e-14
New pole,lognormal_fit,23.7875751503006,3.986516144788162e-14
New pole,lognormal_fit,23.927855711422847,5.911052124658843e-14
New pole,lognormal_fit,24.06813627254509,8.721495905849048e-14
New pole,lognormal_fit,24.208416833667336,1.2805717397717385e-13
New pole,lognormal_fit,24.34869739478958,1.8712627280452223e-13
New pole,lognormal_fit,24.488977955911825,2.7215361869055046e-13
New pole,lognormal_fit,24.629258517034067,3.939779578480434e-13
New pole,lognormal_fit,24.769539078156313,5.677244439418301e-13
New pole,lognormal_fit,24.909819639278556,8.144040870734739e-13
New pole,lognormal_fit,25.050100200400802,1.1630737355912878e-12
New pole,lognormal_fit,25.190380761523045,1.6537400244342707e-12
New pole,lognormal_fit,25.33066132264529,2.341246363242983e-12
New pole,lognormal_fit,25.470941883767537,3.3004531654982683e-12
New pole,lognormal_fit,25.61122244488978,4.633112038538461e-12
New pole,lognormal_fit,25.751503006012022,6.476949336547317e-12
New pole,lognormal_fit,25.89178356713427,9.017619134768563e-12
New pole,lognormal_fit,26.032064128256515,1.2504367352092762e-11
New pole,lognormal_fit,26.172344689378757,1.72704759169181e-11
New pole,lognormal_fit,26.312625250501,2.375983872008493e-11
New pole,lognormal_fit,26.452905811623246,3.2561371787889235e-11
New pole,lognormal_fit,26.593186372745492,4.4453393088516e-11
New pole,lognormal_fit,26.733466933867735,6.04606397496859e-11
New pole,lognormal_fit,26.87374749498998,8.192724233590598e-11
New pole,lognormal_fit,27.014028056112224,1.1060977078609101e-10
New pole,lognormal_fit,27.15430861723447,1.4879543213693284e-10
New pole,lognormal_fit,27.294589178356713,1.9945166815640778e-10
New pole,lognormal_fit,27.43486973947896,2.6641480833020957e-10
New pole,lognormal_fit,27.5751503006012,3.546271226297253e-10
New pole,lognormal_fit,27.715430861723448,4.704336375804625e-10
New pole,lognormal_fit,27.85571142284569,6.219524834746873e-10
New pole,lognormal_fit,27.995991983967937,8.195353925690263e-10
New pole,lognormal_fit,28.13627254509018,1.0763383381352498e-09
New pole,lognormal_fit,28.276553106212425,1.4090262711724358e-09
New pole,lognormal_fit,28.41683366733467,1.8386405634173362e-09
New pole,lognormal_fit,28.557114228456914,2.3916631996142594e-09
New pole,lognormal_fit,28.697394789579157,3.10131808651953e-09
New pole,lognormal_fit,28.837675350701403,4.009157178996429e-09
New pole,lognormal_fit,28.97795591182365,5.166987593723564e-09
New pole,lognormal_fit,29.118236472945892,6.639205628310216e-09
New pole,lognormal_fit,29.258517034068134,8.505614778668537e-09
New pole,lognormal_fit,29.39879759519038,1.0864817611683936e-08
New pole,lognormal_fit,29.539078156312627,1.3838285875129931e-08
New pole,lognormal_fit,29.67935871743487,1.757522969353416e-08
New pole,lognormal_fit,29.819639278557112,2.2258405297046788e-08
New pole,lognormal_fit,29.95991983967936,2.8111021657357914e-08
New pole,lognormal_fit,30.100200400801604,3.540492986316527e-08
New pole,lognormal_fit,30.240480961923847,4.447030526412516e-08
New pole,lognormal_fit,30.38076152304609,5.57070615546217e-08
New pole,lognormal_fit,30.521042084168336,6.959826826360157e-08
New pole,lognormal_fit,30.661322645290582,8.672587876620983e-08
New pole,lognormal_fit,30.80160320641283,1.0778911513090272e-07
New pole,lognormal_fit,30.94188376753507,1.3362589904374278e-07
New pole,lognormal_fit,31.082164328657313,1.6523776487466208e-07
New pole,lognormal_fit,31.22244488977956,2.038187418121197e-07
New pole,lognormal_fit,31.362725450901806,2.507887470091441e-07
New pole,lognormal_fit,31.50300601202405,3.0783209093963306e-07
New pole,lognormal_fit,31.64328657314629,3.769417597041956e-07
New pole,lognormal_fit,31.783567134268537,4.6047020685168776e-07
New pole,lognormal_fit,31.923847695390783,5.611874593448361e-07
New pole,lognormal_fit,32.06412825651303,6.823474184900295e-07
New pole,lognormal_fit,32.20440881763527,8.277633168002379e-07
New pole,lognormal_fit,32.344689378757515,1.001893375624776e-06
New pole,lognormal_fit,32.48496993987976,1.2099377956423536e-06
New pole,lognormal_fit,32.625250501002,1.4579483025737061e-06
New pole,lognormal_fit,32.765531062124246,1.7529515632384554e-06
New pole,lognormal_fit,32.90581162324649,2.103087881776084e-06
New pole,lognormal_fit,33.04609218436874,2.5177666817959327e-06
New pole,lognormal_fit,33.186372745490985,3.007840376634751e-06
New pole,lognormal_fit,33.326653306613224,3.585798325905076e-06
New pole,lognormal_fit,33.46693386773547,4.265982671123124e-06
New pole,lognormal_fit,33.607214428857716,5.0648279353291345e-06
New pole,lognormal_fit,33.74749498997996,6.001126360057971e-06
New pole,lognormal_fit,33.88777555110221,7.096321036500092e-06
New pole,lognormal_fit,34.02805611222445,8.374828964821025e-06
New pole,lognormal_fit,34.168336673346694,9.864396244916218e-06
New pole,lognormal_fit,34.30861723446894,1.1596487661806694e-05
New pole,lognormal_fit,34.44889779559118,1.3606712977811994e-05
New pole,lognormal_fit,34.589178356713425,1.5935292279888852e-05
New pole,lognormal_fit,34.72945891783567,1.862756275236288e-05
New pole,lognormal_fit,34.86973947895792,2.173452925096413e-05
New pole,lognormal_fit,35.010020040080164,2.5313461041823455e-05
New pole,lognormal_fit,35.1503006012024,2.9428537037145646e-05
New pole,lognormal_fit,35.29058116232465,3.415154180590641e-05
New pole,lognormal_fit,35.430861723446895,3.9562614561439016e-05
New pole,lognormal_fit,35.571142284569135,4.575105322656585e-05
New pole,lognormal_fit,35.71142284569138,5.281617554949205e-05
New pole,lognormal_fit,35.85170340681363,6.086823908857078e-05
New pole,lognormal_fit,35.99198396793587,7.0029421700061e-05
New pole,lognormal_fit,36.13226452905812,8.043486394905369e-05
New pole,lognormal_fit,36.27254509018036,9.223377461886575e-05
New pole,lognormal_fit,36.412825651302605,0.00010559060021786961
New pole,lognormal_fit,36.55310621242485,0.00012068625907436362
New pole,lognormal_fit,36.69338677354709,0.00013771944026968
New pole,lognormal_fit,36.83366733466934,0.00015690796728725742
New pole,lognormal_fit,36.97394789579158,0.0001784902258514082
New pole,lognormal_fit,37.11422845691383,0.00020272665499478814
New pole,lognormal_fit,37.254509018036075,0.00022990129992903004
New pole,lognormal_fit,37.394789579158314,0.00026032342480024323
New pole,lognormal_fit,37.53507014028056,0.00029432918289202435
New pole,lognormal_fit,37.675350701402806,0.00033228334129487485
New pole,lognormal_fit,37.815631262525045,0.0003745810564959633
New pole,lognormal_fit,37.9559118236473,0.00042164969675871806
New pole,lognormal_fit,38.09619238476954,0.00047395070656211486
New pole,lognormal_fit,38.236472945891784,0.0005319815077575452
New pole,lognormal_fit,38.37675350701403,0.000596277431481018
New pole,lognormal_fit,38.51703406813627,0.0006674136742344661
New pole,lognormal_fit,38.65731462925852,0.0007460072709262274
New pole,lognormal_fit,38.79759519038076,0.0008327190770424849
New pole,lognormal_fit,38.93787575150301,0.0009282557515134631
New pole,lognormal_fit,39.078156312625254,0.0010333717312448485
New pole,lognormal_fit,39.21843687374749,0.0011488711877134586
New pole,lognormal_fit,39.35871743486974,0.0012756099554792435
New pole,lognormal_fit,39.498997995991985,0.0014144974219516147
New pole,lognormal_fit,39.639278557114224,0.0015664983672698464
New pole,lognormal_fit,39.77955911823648,0.0017326347427222045
New pole,lognormal_fit,39.91983967935872,0.0019139873757402298
New pole,lognormal_fit,40.06012024048096,0.002111697589170521
New pole,lognormal_fit,40.20040080160321,0.002326968722248282
New pole,lognormal_fit,40.34068136272545,0.002561067540483333
New pole,lognormal_fit,40.480961923847694,0.0028153255215216636
New pole,lognormal_fit,40.62124248496994,0.0030911400039688565
New pole,lognormal_fit,40.76152304609218,0.0033899751861620453
New pole,lognormal_fit,40.90180360721443,0.0037133629619515666
New pole,lognormal_fit,41.04208416833667,0.004062903580713163
New pole,lognormal_fit,41.18236472945892,0.004440266119052283
New pole,lognormal_fit,41.322645290581164,0.0048471887519867946
New pole,lognormal_fit,41.4629258517034,0.005285478811807126
New pole,lognormal_fit,41.60320641282566,0.005757012623312113
New pole,lognormal_fit,41.743486973947896,0.006263735104700974
New pole,lognormal_fit,41.88376753507014,0.006807659124075287
New pole,lognormal_fit,42.02404809619239,0.007390864602256406
New pole,lognormal_fit,42.16432865731463,0.008015497353462407
New pole,lognormal_fit,42.30460921843687,0.008683767656301505
New pole,lognormal_fit,42.44488977955912,0.009397948548533595
New pole,lognormal_fit,42.58517034068136,0.010160373840111137
New pole,lognormal_fit,42.72545090180361,0.0109734358401421
New pole,lognormal_fit,42.86573146292585,0.011839582794608401
New pole,lognormal_fit,43.0060120240481,0.012761316032922252
New pole,lognormal_fit,43.14629258517034,0.013741186822694994
New pole,lognormal_fit,43.28657314629258,0.014781792933437576
New pole,lognormal_fit,43.42685370741483,0.015885774911280934
New pole,lognormal_fit,43.567134268537075,0.017055812068207964
New pole,lognormal_fit,43.707414829659314,0.018294618190710498
New pole,lognormal_fit,43.84769539078157,0.019604936974215316
New pole,lognormal_fit,43.987975951903806,0.020989537191055258
New pole,lognormal_fit,44.12825651302605,0.02245120760119641
New pole,lognormal_fit,44.2685370741483,0.023992751616335423
New pole,lognormal_fit,44.40881763527054,0.025616981729380116
New pole,lognormal_fit,44.54909819639279,0.027326713722678458
New pole,lognormal_fit,44.68937875751503,0.029124760669674205
New pole,lognormal_fit,44.829659318637276,0.03101392674594213
New pole,lognormal_fit,44.96993987975952,0.03299700086675398
New pole,lognormal_fit,45.11022044088176,0.03507675016947805
New pole,lognormal_fit,45.25050100200401,0.03725591336017778
New pole,lognormal_fit,45.390781563126254,0.03953719394476838
New pole,lognormal_fit,45.53106212424849,0.04192325336599204
New pole,lognormal_fit,45.671342685370746,0.04441670406827972
New pole,lognormal_fit,45.811623246492985,0.047020102513279524
New pole,lognormal_fit,45.95190380761523,0.049735942169440606
New pole,lognormal_fit,46.09218436873748,0.052566646499533985
New pole,lognormal_fit,46.23246492985972,0.055514561970390036
New pole,lognormal_fit,46.37274549098196,0.05858195110939813
New pole,lognormal_fit,46.51302605210421,0.06177098563246973
New pole,lognormal_fit,46.65330661322645,0.06508373966821428
New pole,lognormal_fit,46.7935871743487,0.06852218310298726
New pole,lognormal_fit,46.93386773547094,0.07208817507127567
New pole,lognormal_fit,47.07414829659319,0.07578345761557359
New pole,lognormal_fit,47.21442885771543,0.07960964953945826
New pole,lognormal_fit,47.35470941883767,0.08356824047703892
New pole,lognormal_fit,47.494989979959925,0.08766058520128645
New pole,lognormal_fit,47.635270541082164,0.09188789819298288
New pole,lognormal_fit,47.77555110220441,0.0962512484911745
New pole,lognormal_fit,47.91583166332666,0.10075155484501436
New pole,lognormal_fit,48.056112224448896,0.10538958118584973
New pole,lognormal_fit,48.19639278557114,0.11016593243723527
New pole,lognormal_fit,48.33667334669339,0.115081050679328
New pole,lognormal_fit,48.47695390781563,0.1201352116828201
New pole,lognormal_fit,48.61723446893788,0.12532852182617676
New pole,lognormal_fit,48.75751503006012,0.1306609154085288
New pole,lognormal_fit,48.897795591182366,0.1361321523690618
New pole,lognormal_fit,49.03807615230461,0.14174181642224254
New pole,lognormal_fit,49.17835671342685,0.14748931361661732
New pole,lognormal_fit,49.3186372745491,0.15337387132336355
New pole,lognormal_fit,49.45891783567134,0.15939453765911876
New pole,lognormal_fit,49.59919839679358,0.16555018134602656
New pole,lognormal_fit,49.739478957915836,0.17183949201027648
New pole,lognormal_fit,49.879759519038075,0.17826098091880066
New pole,lognormal_fit,50.02004008016032,0.18481298215219943
New pole,lognormal_fit,50.16032064128257,0.1914936542103356
New pole,lognormal_fit,50.300601202404806,0.19830098204551916
New pole,lognormal_fit,50.44088176352706,0.2052327795166457
New pole,lognormal_fit,50.5811623246493,0.21228669225618235
New pole,lognormal_fit,50.721442885771545,0.21946020094047064
New pole,lognormal_fit,50.86172344689379,0.22675062495239762
New pole,lognormal_fit,51.00200400801603,0.2341551264242313
New pole,lognormal_fit,51.142284569138276,0.24167071464709872
New pole,lognormal_fit,51.28256513026052,0.24929425083245216
New pole,lognormal_fit,51.42284569138276,0.25702245320975003
New pole,lognormal_fit,51.563126252505015,0.26485190244355167
New pole,lognormal_fit,51.703406813627254,0.27277904735227443
New pole,lognormal_fit,51.8436873747495,0.28080021091005236
New pole,lognormal_fit,51.983967935871746,0.28891159651229237
New pole,lognormal_fit,52.124248496993985,0.29710929448493406
New pole,lognormal_fit,52.26452905811623,0.30538928881675464
New pole,lognormal_fit,52.40480961923848,0.3137474640936348
New pole,lognormal_fit,52.545090180360724,0.3221796126132494
New pole,lognormal_fit,52.68537074148296,0.33068144165838176
New pole,lognormal_fit,52.82565130260521,0.3392485809067973
New pole,lognormal_fit,52.965931863727455,0.3478765899555578
New pole,lognormal_fit,53.1062124248497,0.35656096593752773
New pole,lognormal_fit,53.24649298597195,0.3652971512079701
New pole,lognormal_fit,53.38677354709419,0.3740805410792094
New pole,lognormal_fit,53.52705410821643,0.3829064915815561
New pole,lognormal_fit,53.66733466933868,0.39177032722903177
New pole,lognormal_fit,53.807615230460925,0.4006673487687535
New pole,lognormal_fit,53.947895791583164,0.4095928408933153
New pole,lognormal_fit,54.08817635270541,0.41854207989602216
New pole,lognormal_fit,54.22845691382766,0.42751034124937876
New pole,lognormal_fit,54.3687374749499,0.43649290708791505
New pole,lognormal_fit,54.50901803607214,0.44548507357709544
New pole,lognormal_fit,54.64929859719439,0.45448215815083776
New pole,lognormal_fit,54.789579158316634,0.4634795066008908
New pole,lognormal_fit,54.92985971943888,0.47247250000228347
New pole,lognormal_fit,55.07014028056112,0.4814565614597471
New pole,lognormal_fit,55.210420841683366,0.4904271626611227
New pole,lognormal_fit,55.35070140280561,0.4993798302245119
New pole,lognormal_fit,55.49098196392786,0.508310151827004
New pole,lognormal_fit,55.6312625250501,0.5172137821037287
New pole,lognormal_fit,55.77154308617234,0.5260864483070108
New pole,lognormal_fit,55.91182364729459,0.5349239557163044
New pole,lognormal_fit,56.052104208416836,0.5437221927907467
New pole,lognormal_fit,56.19238476953908,0.5524771360569793
New pole,lognormal_fit,56.33266533066132,0.5611848547260139
New pole,lognormal_fit,56.47294589178357,0.569841515033883
New pole,lognormal_fit,56.61322645290581,0.5784433843017365
New pole,lognormal_fit,56.75350701402806,0.586986834712053
New pole,lognormal_fit,56.8937875751503,0.5954683467985753
New pole,lognormal_fit,57.034068136272545,0.6038845126485013
New pole,lognormal_fit,57.17434869739479,0.6122320388162961
New pole,lognormal_fit,57.31462925851704,0.6205077489494748
New pole,lognormal_fit,57.454909819639276,0.6287085861274441
New pole,lognormal_fit,57.59519038076152,0.6368316149153257
New pole,lognormal_fit,57.73547094188377,0.6448740231354939
New pole,lognormal_fit,57.875751503006015,0.6528331233602546
New pole,lognormal_fit,58.016032064128254,0.6607063541298097
New pole,lognormal_fit,58.1563126252505,0.6684912809003161
New pole,lognormal_fit,58.296593186372746,0.6761855967274562
New pole,lognormal_fit,58.43687374749499,0.6837871226915606
New pole,lognormal_fit,58.57715430861723,0.691293808070794
New pole,lognormal_fit,58.71743486973948,0.6987037302695013
New pole,lognormal_fit,58.857715430861724,0.7060150945091697
New pole,lognormal_fit,58.99799599198397,0.7132262332899889
New pole,lognormal_fit,59.138276553106216,0.7203356056312915
New pole,lognormal_fit,59.278557114228455,0.7273417960994759
New pole,lognormal_fit,59.4188376753507,0.7342435136323877
New pole,lognormal_fit,59.55911823647295,0.7410395901693239
New pole,lognormal_fit,59.699398797595194,0.7477289790960137
New pole,lognormal_fit,59.83967935871743,0.754310753514219
New pole,lognormal_fit,59.97995991983968,0.7607841043455678
New pole,lognormal_fit,60.120240480961925,0.7671483382794992
New pole,lognormal_fit,60.26052104208417,0.7734028755751341
New pole,lognormal_fit,60.40080160320641,0.7795472477269944
New pole,lognormal_fit,60.54108216432866,0.7855810950044627
New pole,lognormal_fit,60.6813627254509,0.7915041638748221
New pole,lognormal_fit,60.82164328657315,0.7973163043197127
New pole,lognormal_fit,60.96192384769539,0.8030174670546684
New pole,lognormal_fit,61.102204408817634,0.8086077006613642
New pole,lognormal_fit,61.24248496993988,0.8140871486419774
New pole,lognormal_fit,61.38276553106213,0.8194560464049852
New pole,lognormal_fit,61.523046092184366,0.8247147181914503
New pole,lognormal_fit,61.66332665330661,0.8298635739507241
New pole,lognormal_fit,61.80360721442886,0.8349031061741875
New pole,lognormal_fit,61.943887775551104,0.8398338866954614
New pole,lognormal_fit,62.08416833667335,0.8446565634652636
New pole,lognormal_fit,62.22444889779559,0.8493718573087701
New pole,lognormal_fit,62.364729458917836,0.8539805586731137
New pole,lognormal_fit,62.50501002004008,0.8584835243723267
New pole,lognormal_fit,62.64529058116233,0.8628816743367282
New pole,lognormal_fit,62.78557114228457,0.8671759883734814
New pole,lognormal_fit,62.92585170340681,0.8713675029447
New pole,lognormal_fit,63.06613226452906,0.8754573079691708
New pole,lognormal_fit,63.206412825651306,0.8794465436534444
New pole,lognormal_fit,63.346693386773545,0.8833363973577286
New pole,lognormal_fit,63.48697394789579,0.8871281005016645
New pole,lognormal_fit,63.62725450901804,0.8908229255147782
New pole,lognormal_fit,63.76753507014028,0.8944221828360499
New pole,lognormal_fit,63.90781563126252,0.8979272179667355
New pole,lognormal_fit,64.04809619238478,0.9013394085802511
New pole,lognormal_fit,64.18837675350701,0.9046601616926297
New pole,lognormal_fit,64.32865731462925,0.9078909108967343
New pole,lognormal_fit,64.4689378757515,0.9110331136631231
New pole,lognormal_fit,64.60921843687375,0.9140882487101633
New pole,lognormal_fit,64.749498997996,0.9170578134457003
New pole,lognormal_fit,64.88977955911824,0.9199433214823041
New pole,lognormal_fit,65.03006012024048,0.92274630022786
New pole,lognormal_fit,65.17034068136272,0.9254682885529842
New pole,lognormal_fit,65.31062124248497,0.9281108345364961
New pole,lognormal_fit,65.45090180360722,0.9306754932899561
New pole,lognormal_fit,65.59118236472946,0.9331638248620064
New pole,lognormal_fit,65.7314629258517,0.9355773922230567
New pole,lognormal_fit,65.87174348697394,0.9379177593306223
New pole,lognormal_fit,66.0120240480962,0.9401864892754228
New pole,lognormal_fit,66.15230460921845,0.9423851425081657
New pole,lognormal_fit,66.29258517034069,0.9445152751467302
New pole,lognormal_fit,66.43286573146293,0.9465784373633174
New pole,lognormal_fit,66.57314629258516,0.9485761718509502
New pole,lognormal_fit,66.71342685370742,0.9505100123685668
New pole,lognormal_fit,66.85370741482966,0.9523814823637974
New pole,lognormal_fit,66.99398797595191,0.9541920936723897
New pole,lognormal_fit,67.13426853707415,0.9559433452931073
New pole,lognormal_fit,67.27454909819639,0.9576367222368497
New pole,lognormal_fit,67.41482965931863,0.9592736944485826
New pole,lognormal_fit,67.55511022044088,0.9608557158006288
New pole,lognormal_fit,67.69539078156313,0.9623842231557367
New pole,lognormal_fit,67.83567134268537,0.9638606354983104
New pole,lognormal_fit,67.97595190380761,0.9652863531320687
New pole,lognormal_fit,68.11623246492985,0.9666627569423886
New pole,lognormal_fit,68.2565130260521,0.9679912077215002
New pole,lognormal_fit,68.39679358717436,0.9692730455546674
New pole,lognormal_fit,68.5370741482966,0.9705095892654642
New pole,lognormal_fit,68.67735470941884,0.971702135918202
New pole,lognormal_fit,68.81763527054107,0.9728519603755569
New pole,lognormal_fit,68.95791583166333,0.9739603149094276
New pole,lognormal_fit,69.09819639278558,0.9750284288630299
New pole,lognormal_fit,69.23847695390782,0.9760575083622482
New pole,lognormal_fit,69.37875751503006,0.9770487360742482
New pole,lognormal_fit,69.5190380761523,0.978003271011364
New pole,lognormal_fit,69.65931863727455,0.9789222483782902
New pole,lognormal_fit,69.79959919839679,0.9798067794606113
New pole,lognormal_fit,69.93987975951904,0.9806579515527315
New pole,lognormal_fit,70.08016032064128,0.9814768279232757
New pole,lognormal_fit,70.22044088176352,0.9822644478160769
New pole,lognormal_fit,70.36072144288576,0.9830218264848732
New pole,lognormal_fit,70.50100200400801,0.9837499552598858
New pole,lognormal_fit,70.64128256513027,0.9844498016444788
New pole,lognormal_fit,70.78156312625251,0.9851223094401306
New pole,lognormal_fit,70.92184368737475,0.9857683988980029
New pole,lognormal_fit,71.06212424849699,0.9863889668954143
New pole,lognormal_fit,71.20240480961924,0.9869848871355861
New pole,lognormal_fit,71.34268537074149,0.98755701036906
New pole,lognormal_fit,71.48296593186373,0.9881061646352385
New pole,lognormal_fit,71.62324649298597,0.9886331555225455
New pole,lognormal_fit,71.76352705410821,0.9891387664457474
New pole,lognormal_fit,71.90380761523046,0.9896237589390289
New pole,lognormal_fit,72.04408817635272,0.9900888729634627
New pole,lognormal_fit,72.18436873747495,0.9905348272275624
New pole,lognormal_fit,72.3246492985972,0.9909623195196565
New pole,lognormal_fit,72.46492985971943,0.9913720270508705
New pole,lognormal_fit,72.60521042084169,0.9917646068075526
New pole,lognormal_fit,72.74549098196393,0.9921406959120305
New pole,lognormal_fit,72.88577154308618,0.9925009119906292
New pole,lognormal_fit,73.02605210420842,0.9928458535479341
New pole,lognormal_fit,73.16633266533066,0.9931761003463258
New pole,lognormal_fit,73.3066132264529,0.9934922137898633
New pole,lognormal_fit,73.44689378757515,0.9937947373116378
New pole,lognormal_fit,73.5871743486974,0.9940841967637604
New pole,lognormal_fit,73.72745490981964,0.9943611008091988
New pole,lognormal_fit,73.86773547094188,0.9946259413147165
New pole,lognormal_fit,74.00801603206412,0.9948791937442066
New pole,lognormal_fit,74.14829659318637,0.9951213175517666
New pole,lognormal_fit,74.28857715430863,0.9953527565738842
New pole,lognormal_fit,74.42885771543087,0.9955739394201583
New pole,lognormal_fit,74.5691382765531,0.9957852798620068
New pole,lognormal_fit,74.70941883767534,0.9959871772188549
New pole,lognormal_fit,74.8496993987976,0.9961800167413323
New pole,lognormal_fit,74.98997995991985,0.996364169991042
New pole,lognormal_fit,75.13026052104209,0.996539995216496
New pole,lognormal_fit,75.27054108216433,0.9967078377248456
New pole,lognormal_fit,75.41082164328657,0.996868030249066
New pole,lognormal_fit,75.55110220440882,0.9970208933102839
New pole,lognormal_fit,75.69138276553106,0.9971667355749618
New pole,lognormal_fit,75.83166332665331,0.9973058542066885
New pole,lognormal_fit,75.97194388777555,0.9974385352123393
New pole,lognormal_fit,76.11222444889779,0.9975650537824062
New pole,lognormal_fit,76.25250501002003,0.9976856746253142
New pole,lognormal_fit,76.39278557114228,0.9978006522955639
New pole,lognormal_fit,76.53306613226454,0.9979102315155655
New pole,lognormal_fit,76.67334669338678,0.9980146474910448
New pole,lognormal_fit,76.81362725450902,0.9981141262199247
New pole,lognormal_fit,76.95390781563125,0.9982088847946008
New pole,lognormal_fit,77.09418837675351,0.9982991316975515
New pole,lognormal_fit,77.23446893787576,0.9983850670902329
New pole,lognormal_fit,77.374749498998,0.9984668830952304
New pole,lognormal_fit,77.51503006012024,0.9985447640716474
New pole,lognormal_fit,77.65531062124248,0.998618886883731
New pole,lognormal_fit,77.79559118236473,0.9986894211627404
New pole,lognormal_fit,77.93587174348698,0.9987565295620807
New pole,lognormal_fit,78.07615230460922,0.9988203680057337
New pole,lognormal_fit,78.21643286573146,0.9988810859300267
New pole,lognormal_fit,78.3567134268537,0.99893882651879
New pole,lognormal_fit,78.49699398797596,0.9989937269319636
New pole,lognormal_fit,78.6372745490982,0.9990459185277196
New pole,lognormal_fit,78.77755511022045,0.9990955270781743
New pole,lognormal_fit,78.91783567134269,0.9991426729787729
New pole,lognormal_fit,79.05811623246493,0.9991874714514327
New pole,lognormal_fit,79.19839679358716,0.999230032741536
New pole,lognormal_fit,79.33867735470942,0.9992704623088724
New pole,lognormal_fit,79.47895791583167,0.9993088610126306
New pole,lognormal_fit,79.61923847695391,0.9993453252905444
New pole,lognormal_fit,79.75951903807615,0.9993799473323031
New pole,lognormal_fit,79.89979959919839,0.9994128152473357
New pole,lognormal_fit,80.04008016032064,0.9994440132270863
New pole,lognormal_fit,80.1803607214429,0.9994736217018909
New pole,lognormal_fit,80.32064128256513,0.9995017174925802
New pole,lognormal_fit,80.46092184368737,0.9995283739569213
New pole,lognormal_fit,80.60120240480961,0.9995536611310221
New pole,lognormal_fit,80.74148296593187,0.9995776458658171
New pole,lognormal_fit,80.88176352705412,0.9996003919587567
New pole,lognormal_fit,81.02204408817636,0.9996219602808203
New pole,lognormal_fit,81.1623246492986,0.9996424088989742
New pole,lognormal_fit,81.30260521042084,0.9996617931941962
New pole,lognormal_fit,81.44288577154309,0.9996801659751862
New pole,lognormal_fit,81.58316633266533,0.9996975775878801
New pole,lognormal_fit,81.72344689378758,0.9997140760208905
New pole,lognormal_fit,81.86372745490982,0.9997297070069849
New pole,lognormal_fit,82.00400801603206,0.9997445141207237
New pole,lognormal_fit,82.1442885771543,0.9997585388723675
New pole,lognormal_fit,82.28456913827655,0.9997718207981703
New pole,lognormal_fit,82.4248496993988,0.9997843975471673
New pole,lognormal_fit,82.56513026052104,0.9997963049645696
New pole,lognormal_fit,82.70541082164328,0.9998075771718715
New pole,lognormal_fit,82.84569138276552,0.9998182466437768
New pole,lognormal_fit,82.98597194388778,0.9998283442820494
New pole,lognormal_fit,83.12625250501003,0.9998378994863878
New pole,lognormal_fit,83.26653306613227,0.9998469402224258
New pole,lognormal_fit,83.40681362725451,0.9998554930869542
New pole,lognormal_fit,83.54709418837675,0.999863583370462
New pole,lognormal_fit,83.687374749499,0.9998712351170885
New pole,lognormal_fit,83.82765531062125,0.9998784711820774
New pole,lognormal_fit,83.96793587174349,0.9998853132868225
New pole,lognormal_fit,84.10821643286573,0.999891782071592
New pole,lognormal_fit,84.24849699398797,0.9998978971460134
New pole,lognormal_fit,84.38877755511022,0.9999036771374048
New pole,lognormal_fit,84.52905811623246,0.9999091397370288
New pole,lognormal_fit,84.66933867735472,0.9999143017443488
New pole,lognormal_fit,84.80961923847696,0.9999191791093637
New pole,lognormal_fit,84.9498997995992,0.9999237869730916
New pole,lognormal_fit,85.09018036072145,0.9999281397062763
New pole,lognormal_fit,85.23046092184369,0.999932250946384
New pole,lognormal_fit,85.37074148296593,0.9999361336329584
New pole,lognormal_fit,85.51102204408818,0.999939800041396
New pole,lognormal_fit,85.65130260521042,0.9999432618152094
New pole,lognormal_fit,85.79158316633267,0.9999465299968329
New pole,lognormal_fit,85.93186372745491,0.999949615057035
New pole,lognormal_fit,86.07214428857715,0.9999525269229906
New pole,lognormal_fit,86.2124248496994,0.9999552750050699
New pole,lognormal_fit,86.35270541082164,0.9999578682223945
New pole,lognormal_fit,86.4929859719439,0.9999603150272156
New pole,lognormal_fit,86.63326653306613,0.9999626234281599
New pole,lognormal_fit,86.77354709418837,0.999964801012393
New pole,lognormal_fit,86.91382765531063,0.9999668549667458
New pole,lognormal_fit,87.05410821643287,0.9999687920978465
New pole,lognormal_fit,87.1943887775551,0.9999706188513042
New pole,lognormal_fit,87.33466933867736,0.9999723413299817
New pole,lognormal_fit,87.4749498997996,0.9999739653113986
New pole,lognormal_fit,87.61523046092185,0.9999754962643027
New pole,lognormal_fit,87.75551102204409,0.9999769393644463
New pole,lognormal_fit,87.89579158316633,0.9999782995096014
New pole,lognormal_fit,88.03607214428858,0.9999795813338495
New pole,lognormal_fit,88.17635270541082,0.9999807892211764
New pole,lognormal_fit,88.31663326653306,0.9999819273184055
New pole,lognormal_fit,88.45691382765531,0.9999829995474967
New pole,lognormal_fit,88.59719438877755,0.999984009617242
New pole,lognormal_fit,88.7374749498998,0.9999849610343843
New pole,lognormal_fit,88.87775551102204,0.9999858571141865
New pole,lognormal_fit,89.01803607214428,0.999986700990475
New pole,lognormal_fit,89.15831663326654,0.9999874956251827
New pole,lognormal_fit,89.29859719438878,0.9999882438174158
New pole,lognormal_fit,89.43887775551103,0.9999889482120643
New pole,lognormal_fit,89.57915831663327,0.9999896113079799
New pole,lognormal_fit,89.71943887775551,0.9999902354657404
New pole,lognormal_fit,89.85971943887776,0.9999908229150204
New pole,lognormal_fit,90.0,0.9999913757615875
30-year pole,digitized,21.12299465240642,0.0
30-year pole,digitized,22.33957219251337,0.0
30-year pole,digitized,23.462566844919785,0.0
30-year pole,digitized,24.398395721925137,0.0
30-year pole,digitized,25.614973262032088,0.0
30-year pole,digitized,27.018716577540104,0.0
30-year pole,digitized,28.703208556149733,0.0
30-year pole,digitized,29.732620320855613,0.0
30-year pole,digitized,31.41711229946524,0.0
30-year pole,digitized,32.820855614973254,0.0
30-year pole,digitized,34.41176470588235,0.0
30-year pole,digitized,37.31283422459893,0.0
30-year pole,digitized,38.716577540106954,0.0016977928692698
30-year pole,digitized,40.12032085561497,0.0050933786078097
30-year pole,digitized,41.14973262032085,0.0118845500848896
30-year pole,digitized,42.3663101604278,0.0216468590831911
30-year pole,digitized,43.48930481283422,0.0356536502546689
30-year pole,digitized,44.40000000000035,0.0492359932088286
30-year pole,digitized,45.00000000000036,0.0615924929360783
30-year pole,digitized,45.20000000000036,0.0670842705926338
30-year pole,digitized,45.30000000000037,0.0670842705926338
30-year pole,digitized,45.50000000000037,0.0739489926633282
30-year pole,digitized,45.60000000000037,0.0739489926633282
30-year pole,digitized,46.00000000000037,0.0876784368047169
30-year pole,digitized,46.50000000000038,0.1014078809461057
30-year pole,digitized,46.70000000000038,0.1082726030168003
30-year pole,digitized,46.80000000000039,0.1123914362592167
30-year pole,digitized,46.90000000000039,0.1123914362592167
30-year pole,digitized,47.000000000000384,0.1165102695016335
30-year pole,digitized,47.300000000000395,0.1281802970218137
30-year pole,digitized,47.6000000000004,0.1412232689561331
30-year pole,digitized,47.800000000000395,0.1467150466126886
30-year pole,digitized,47.9000000000004,0.1535797686833829
30-year pole,digitized,48.0000000000004,0.1528932964763137
30-year pole,digitized,48.60000000000041,0.1837845457944384
30-year pole,digitized,48.80000000000041,0.1879033790368549
30-year pole,digitized,48.90000000000042,0.1961410455216882
30-year pole,digitized,49.10000000000042,0.2002598787641047
30-year pole,digitized,49.400000000000425,0.2160487395267019
30-year pole,digitized,49.60000000000042,0.2277187670468823
30-year pole,digitized,49.70000000000043,0.2311511280822294
30-year pole,digitized,49.90000000000043,0.2400752667741323
30-year pole,digitized,50.20000000000043,0.2579235441579376
30-year pole,digitized,50.30000000000044,0.2572370719508681
30-year pole,digitized,50.50000000000044,0.2737124049205348
30-year pole,digitized,50.600000000000435,0.2737124049205348
30-year pole,digitized,50.70000000000044,0.2819500714053681
30-year pole,digitized,50.800000000000445,0.2895012656831317
30-year pole,digitized,50.900000000000446,0.2895012656831317
30-year pole,digitized,51.20000000000044,0.3039171820315899
30-year pole,digitized,51.30000000000045,0.3162736817588398
30-year pole,digitized,51.40000000000045,0.3169601539659092
30-year pole,digitized,51.500000000000455,0.3251978204507425
30-year pole,digitized,51.70000000000045,0.3327490147285064
30-year pole,digitized,52.10000000000046,0.3629537918395616
30-year pole,digitized,52.20000000000046,0.3622673196324921
30-year pole,digitized,52.300000000000466,0.3711914583243948
30-year pole,digitized,52.50000000000047,0.3787426526021586
30-year pole,digitized,52.60000000000047,0.3910991523294086
30-year pole,digitized,52.900000000000475,0.4082609575061445
30-year pole,digitized,53.00000000000048,0.4082609575061445
30-year pole,digitized,53.10000000000048,0.4144392073697694
30-year pole,digitized,53.90000000000049,0.4652381506929078
30-year pole,digitized,54.00000000000049,0.4645516784858384
30-year pole,digitized,54.200000000000486,0.4830864280767132
30-year pole,digitized,54.30000000000049,0.4830864280767132
30-year pole,digitized,54.400000000000496,0.4947564555968937
30-year pole,digitized,54.6000000000005,0.5023076498746575
30-year pole,digitized,55.20000000000051,0.5393771490564072
30-year pole,digitized,55.3000000000005,0.5393771490564072
30-year pole,digitized,55.40000000000051,0.5483012877483098
30-year pole,digitized,55.50000000000051,0.5565389542331431
30-year pole,digitized,55.60000000000051,0.5565389542331431
30-year pole,digitized,56.00000000000052,0.5846843147229901
30-year pole,digitized,56.20000000000052,0.5929219812078232
30-year pole,digitized,56.30000000000051,0.6004731754855872
30-year pole,digitized,56.70000000000053,0.6148890918340453
30-year pole,digitized,57.00000000000053,0.6354832580461285
30-year pole,digitized,57.100000000000534,0.6430344523238922
30-year pole,digitized,57.200000000000536,0.6430344523238922
30-year pole,digitized,57.30000000000053,0.6478397577733783
30-year pole,digitized,57.50000000000054,0.6595097852935587
30-year pole,digitized,57.800000000000544,0.6746121738490864
30-year pole,digitized,57.90000000000054,0.6828498403339197
30-year pole,digitized,58.00000000000055,0.6828498403339197
30-year pole,digitized,58.10000000000055,0.6904010346116836
30-year pole,digitized,58.80000000000056,0.7206058117227387
30-year pole,digitized,58.90000000000055,0.7295299504146415
30-year pole,digitized,59.00000000000056,0.7295299504146415
30-year pole,digitized,59.10000000000056,0.7343352558641275
30-year pole,digitized,59.40000000000056,0.7466917555913775
30-year pole,digitized,59.90000000000057,0.7686588662175995
30-year pole,digitized,60.10000000000058,0.7762100604953632
30-year pole,digitized,60.400000000000574,0.7885665602226131
30-year pole,digitized,60.90000000000059,0.8036689487781408
30-year pole,digitized,61.00000000000058,0.8091607264346963
30-year pole,digitized,61.10000000000059,0.8112201430559045
30-year pole,digitized,61.20000000000059,0.8160254485053906
30-year pole,digitized,61.6000000000006,0.8311278370609183
30-year pole,digitized,61.7000000000006,0.8311278370609183
30-year pole,digitized,62.0000000000006,0.8427978645810987
30-year pole,digitized,62.100000000000605,0.8427978645810987
30-year pole,digitized,62.20000000000061,0.8489761144447237
30-year pole,digitized,62.30000000000061,0.851035531065932
30-year pole,digitized,62.40000000000061,0.8524084754800708
30-year pole,digitized,62.50000000000061,0.855840836515418
30-year pole,digitized,63.00000000000061,0.8695702806568069
30-year pole,digitized,63.50000000000062,0.8846726692123345
30-year pole,digitized,63.60000000000063,0.8860456136264733
30-year pole,digitized,63.70000000000063,0.8860456136264733
30-year pole,digitized,63.80000000000063,0.8908509190759594
30-year pole,digitized,63.90000000000063,0.8929103356971677
30-year pole,digitized,64.00000000000063,0.8929103356971677
30-year pole,digitized,64.10000000000062,0.8963426967325149
30-year pole,digitized,64.6000000000006,0.9080127242526952
30-year pole,digitized,65.00000000000057,0.916936862944598
30-year pole,digitized,65.10000000000056,0.916936862944598
30-year pole,digitized,65.20000000000056,0.9196827517728756
30-year pole,digitized,65.30000000000055,0.9196827517728756
30-year pole,digitized,65.40000000000055,0.9224286406011536
30-year pole,digitized,65.50000000000054,0.9258610016365008
30-year pole,digitized,65.60000000000053,0.9258610016365008
30-year pole,digitized,65.70000000000053,0.9286068904647784
30-year pole,digitized,65.80000000000052,0.9286068904647784
30-year pole,digitized,65.90000000000052,0.9306663070859869
30-year pole,digitized,66.5000000000005,0.9402769179849588
30-year pole,digitized,67.20000000000044,0.9485145844697922
30-year pole,digitized,67.30000000000044,0.95126047329807
30-year pole,digitized,67.40000000000043,0.9519469455051394
30-year pole,digitized,67.60000000000042,0.9540063621263476
30-year pole,digitized,67.70000000000041,0.9546928343334172
30-year pole,digitized,67.80000000000041,0.9581251953687644
30-year pole,digitized,67.9000000000004,0.9581251953687644
30-year pole,digitized,69.40000000000032,0.9725411117172224
30-year pole,digitized,69.50000000000031,0.9725411117172224
30-year pole,digitized,69.7000000000003,0.9752870005455002
30-year pole,digitized,69.8000000000003,0.9752870005455002
30-year pole,digitized,69.90000000000029,0.9752870005455002
30-year pole,digitized,70.20000000000027,0.978032889373778
30-year pole,digitized,71.70000000000019,0.9876435002727502
30-year pole,digitized,71.80000000000018,0.9876435002727502
30-year pole,digitized,71.90000000000018,0.9876435002727502
30-year pole,digitized,72.00000000000017,0.9876435002727502
30-year pole,digitized,72.10000000000016,0.9876435002727502
30-year pole,digitized,72.20000000000017,0.9897029168939584
30-year pole,digitized,72.30000000000015,0.9897029168939584
30-year pole,digitized,72.40000000000015,0.9897029168939584
30-year pole,digitized,72.50000000000014,0.9897029168939584
30-year pole,digitized,72.60000000000014,0.9897029168939584
30-year pole,digitized,72.70000000000013,0.9897029168939584
30-year pole,digitized,72.80000000000013,0.9897029168939584
30-year pole,digitized,73.40000000000009,0.9931352779293056
30-year pole,digitized,73.50000000000009,0.9931352779293056
30-year pole,digitized,73.60000000000008,0.9931352779293056
30-year pole,digitized,74.30000000000004,0.9958811667575834
30-year pole,digitized,74.40000000000003,0.9958811667575834
30-year pole,digitized,74.50000000000003,0.9958811667575834
30-year pole,digitized,74.60000000000002,0.9958811667575834
30-year pole,digitized,74.70000000000002,0.9958811667575834
30-year pole,digitized,74.80000000000001,0.9958811667575834
30-year pole,digitized,74.90000000000002,0.9958811667575834
30-year pole,digitized,75.0,0.9958811667575834
30-year pole,digitized,75.1,0.9938217501363752
30-year pole,digitized,75.2,0.9958811667575834
30-year pole,digitized,75.99999999999996,0.9986270555858612
30-year pole,digitized,76.09999999999994,0.9986270555858612
30-year pole,digitized,76.19999999999993,0.9986270555858612
30-year pole,digitized,76.8999999999999,0.9986270555858612
30-year pole,digitized,76.99999999999989,0.9986270555858612
30-year pole,digitized,77.0999999999999,0.9986270555858612
30-year pole,digitized,77.19999999999989,0.9986270555858612
30-year pole,digitized,77.29999999999987,0.9986270555858612
30-year pole,digitized,77.39999999999988,0.9986270555858612
30-year pole,digitized,77.49999999999987,0.9979405833787915
30-year pole,digitized,77.59999999999985,0.9979405833787915
30-year pole,digitized,77.69999999999986,0.9979405833787915
30-year pole,digitized,80.09999999999972,0.9958811667575834
30-year pole,digitized,85.09999999999944,0.9938217501363752
30-year pole,lognormal_fit,20.0,1.1979789337316128e-15
30-year pole,lognormal_fit,20.140280561122246,1.863742001407999e-15
30-year pole,lognormal_fit,20.28056112224449,2.8820566226909284e-15
30-year pole,lognormal_fit,20.420841683366735,4.430416343356677e-15
30-year pole,lognormal_fit,20.561122244488978,6.771050417585577e-15
30-year pole,lognormal_fit,20.701402805611224,1.0289165957652367e-14
30-year pole,lognormal_fit,20.841683366733466,1.5547446366930266e-14
30-year pole,lognormal_fit,20.981963927855713,2.336328604918797e-14
30-year pole,lognormal_fit,21.122244488977955,3.491765023106859e-14
30-year pole,lognormal_fit,21.2625250501002,5.190768679894702e-14
30-year pole,lognormal_fit,21.402805611222444,7.675954622608348e-14
30-year pole,lognormal_fit,21.54308617234469,1.1292362275239012e-13
30-year pole,lognormal_fit,21.683366733466933,1.652820457268928e-13
30-year pole,lognormal_fit,21.82364729458918,2.4070827233235813e-13
30-year pole,lognormal_fit,21.96392785571142,3.4883175493689803e-13
30-year pole,lognormal_fit,22.104208416833668,5.030777502991808e-13
30-year pole,lognormal_fit,22.24448897795591,7.220744955956525e-13
30-year pole,lognormal_fit,22.384769539078157,1.0315485572382481e-12
30-year pole,lognormal_fit,22.5250501002004,1.4668658467786772e-12
30-year pole,lognormal_fit,22.665330661322646,2.076422669286314e-12
30-year pole,lognormal_fit,22.805611222444888,2.9261507681989586e-12
30-year pole,lognormal_fit,22.945891783567134,4.105475761257723e-12
30-year pole,lognormal_fit,23.08617234468938,5.735163393111391e-12
30-year pole,lognormal_fit,23.226452905811623,7.977607213012187e-12
30-year pole,lognormal_fit,23.366733466933866,1.105026009095185e-11
30-year pole,lognormal_fit,23.507014028056112,1.5243096954760447e-11
30-year pole,lognormal_fit,23.647294589178358,2.0941225049975074e-11
30-year pole,lognormal_fit,23.7875751503006,2.8654040114642023e-11
30-year pole,lognormal_fit,23.927855711422847,3.905267299021945e-11
30-year pole,lognormal_fit,24.06813627254509,5.301789410356345e-11
30-year pole,lognormal_fit,24.208416833667336,7.170115783101038e-11
30-year pole,lognormal_fit,24.34869739478958,9.660209227453997e-11
30-year pole,lognormal_fit,24.488977955911825,1.2966649241729573e-10
30-year pole,lognormal_fit,24.629258517034067,1.73409778959586e-10
30-year pole,lognormal_fit,24.769539078156313,2.3107196767008577e-10
30-year pole,lognormal_fit,24.909819639278556,3.068114847829971e-10
30-year pole,lognormal_fit,25.050100200400802,4.0594669679253605e-10
30-year pole,lognormal_fit,25.190380761523045,5.352558362452766e-10
30-year pole,lognormal_fit,25.33066132264529,7.033481417927105e-10
30-year pole,lognormal_fit,25.470941883767537,9.211215388297381e-10
30-year pole,lognormal_fit,25.61122244488978,1.2023251198085587e-09
30-year pole,lognormal_fit,25.751503006012022,1.564248099667431e-09
30-year pole,lognormal_fit,25.89178356713427,2.0285608864514794e-09
30-year pole,lognormal_fit,26.032064128256515,2.6223384908355905e-09
30-year pole,lognormal_fit,26.172344689378757,3.3793017777037786e-09
30-year pole,lognormal_fit,26.312625250501,4.341318121172316e-09
30-year pole,lognormal_fit,26.452905811623246,5.560209950530059e-09
30-year pole,lognormal_fit,26.593186372745492,7.099927563510688e-09
30-year pole,lognormal_fit,26.733466933867735,9.039151535744126e-09
30-year pole,lognormal_fit,26.87374749498998,1.1474400177013404e-08
30-year pole,lognormal_fit,27.014028056112224,1.4523728886542682e-08
30-year pole,lognormal_fit,27.15430861723447,1.8331121055339885e-08
30-year pole,lognormal_fit,27.294589178356713,2.3071684470904997e-08
30-year pole,lognormal_fit,27.43486973947896,2.8957783117537578e-08
30-year pole,lognormal_fit,27.5751503006012,3.6246251953667735e-08
30-year pole,lognormal_fit,27.715430861723448,4.5246861804665094e-08
30-year pole,lognormal_fit,27.85571142284569,5.633222305124623e-08
30-year pole,lognormal_fit,27.995991983967937,6.99493404308994e-08
30-year pole,lognormal_fit,28.13627254509018,8.663305710673097e-08
30-year pole,lognormal_fit,28.276553106212425,1.070216542894906e-07
30-year pole,lognormal_fit,28.41683366733467,1.318749032068912e-07
30-year pole,lognormal_fit,28.557114228456914,1.620948991678091e-07
30-year pole,lognormal_fit,28.697394789579157,1.9875004291750166e-07
30-year pole,lognormal_fit,28.837675350701403,2.4310257245330637e-07
30-year pole,lognormal_fit,28.97795591182365,2.9664008897350454e-07
30-year pole,lognormal_fit,29.118236472945892,3.6111156364347355e-07
30-year pole,lognormal_fit,29.258517034068134,4.3856835733005805e-07
30-year pole,lognormal_fit,29.39879759519038,5.314108332909149e-07
30-year pole,lognormal_fit,29.539078156312627,6.424411928866421e-07
30-year pole,lognormal_fit,29.67935871743487,7.749232165456543e-07
30-year pole,lognormal_fit,29.819639278557112,9.326496462474293e-07
30-year pole,lognormal_fit,29.95991983967936,1.1200180014454204e-06
30-year pole,lognormal_fit,30.100200400801604,1.3421156773249145e-06
30-year pole,lognormal_fit,30.240480961923847,1.6048152322293844e-06
30-year pole,lognormal_fit,30.38076152304609,1.9148808295885396e-06
30-year pole,lognormal_fit,30.521042084168336,2.2800868582814233e-06
30-year pole,lognormal_fit,30.661322645290582,2.709349813556919e-06
30-year pole,lognormal_fit,30.80160320641283,3.212874577846756e-06
30-year pole,lognormal_fit,30.94188376753507,3.802316296418652e-06
30-year pole,lognormal_fit,31.082164328657313,4.490959096160186e-06
30-year pole,lognormal_fit,31.22244488977956,5.293912946135322e-06
30-year pole,lognormal_fit,31.362725450901806,6.22833000514301e-06
30-year pole,lognormal_fit,31.50300601202405,7.313641843522181e-06
30-year pole,lognormal_fit,31.64328657314629,8.571818963034522e-06
30-year pole,lognormal_fit,31.783567134268537,1.0027654068938985e-05
30-year pole,lognormal_fit,31.923847695390783,1.1709070571426037e-05
30-year pole,lognormal_fit,32.06412825651303,1.3647457808492775e-05
30-year pole,lognormal_fit,32.20440881763527,1.587803448815366e-05
30-year pole,lognormal_fit,32.344689378757515,1.8440241843661074e-05
30-year pole,lognormal_fit,32.48496993987976,2.137816798021439e-05
30-year pole,lognormal_fit,32.625250501002,2.4741004864546658e-05
30-year pole,lognormal_fit,32.765531062124246,2.8583539368900262e-05
30-year pole,lognormal_fit,32.90581162324649,3.2966679727373355e-05
30-year pole,lognormal_fit,33.04609218436874,3.7958018694665944e-05
30-year pole,lognormal_fit,33.186372745490985,4.363243461407968e-05
30-year pole,lognormal_fit,33.326653306613224,5.0072731502637066e-05
30-year pole,lognormal_fit,33.46693386773547,5.737031914571569e-05
30-year pole,lognormal_fit,33.607214428857716,6.562593406124664e-05
30-year pole,lognormal_fit,33.74749498997996,7.495040204385564e-05
30-year pole,lognormal_fit,33.88777555110221,8.546544283213569e-05
30-year pole,lognormal_fit,34.02805611222445,9.730451725734946e-05
30-year pole,lognormal_fit,34.168336673346694,0.00011061371702936573
30-year pole,lognormal_fit,34.30861723446894,0.00012555269709561733
30-year pole,lognormal_fit,34.44889779559118,0.00014229565027171136
30-year pole,lognormal_fit,34.589178356713425,0.0001610323235885461
30-year pole,lognormal_fit,34.72945891783567,0.00018196907553089627
30-year pole,lognormal_fit,34.86973947895792,0.00020532997305751678
30-year pole,lognormal_fit,35.010020040080164,0.00023135792699357567
30-year pole,lognormal_fit,35.1503006012024,0.0002603158640741301
30-year pole,lognormal_fit,35.29058116232465,0.0002924879335935811
30-year pole,lognormal_fit,35.430861723446895,0.0003281807462821605
30-year pole,lognormal_fit,35.571142284569135,0.0003677246426882125
30-year pole,lognormal_fit,35.71142284569138,0.00041147498799631367
30-year pole,lognormal_fit,35.85170340681363,0.0004598134898578188
30-year pole,lognormal_fit,35.99198396793587,0.0005131495354547258
30-year pole,lognormal_fit,36.13226452905812,0.0005719215436620607
30-year pole,lognormal_fit,36.27254509018036,0.0006365983278202083
30-year pole,lognormal_fit,36.412825651302605,0.000707680464280149
30-year pole,lognormal_fit,36.55310621242485,0.0007857016615430088
30-year pole,lognormal_fit,36.69338677354709,0.0008712301244842446
30-year pole,lognormal_fit,36.83366733466934,0.0009648699078340379
30-year pole,lognormal_fit,36.97394789579158,0.0010672622527823005
30-year pole,lognormal_fit,37.11422845691383,0.0011790869002921076
30-year pole,lognormal_fit,37.254509018036075,0.0013010633744409263
30-year pole,lognormal_fit,37.394789579158314,0.0014339522288686476
30-year pole,lognormal_fit,37.53507014028056,0.0015785562491975188
30-year pole,lognormal_fit,37.675350701402806,0.0017357216041026021
30-year pole,lognormal_fit,37.815631262525045,0.0019063389375579764
30-year pole,lognormal_fit,37.9559118236473,0.002091344394661741
30-year pole,lognormal_fit,38.09619238476954,0.0022917205733580274
30-year pole,lognormal_fit,38.236472945891784,0.0025084973943257658
30-year pole,lognormal_fit,38.37675350701403,0.0027427528812948676
30-year pole,lognormal_fit,38.51703406813627,0.002995613844082798
30-year pole,lognormal_fit,38.65731462925852,0.0032682564567178317
30-year pole,lognormal_fit,38.79759519038076,0.0035619067231326433
30-year pole,lognormal_fit,38.93787575150301,0.003877840823073258
30-year pole,lognormal_fit,39.078156312625254,0.004217385331072395
30-year pole,lognormal_fit,39.21843687374749,0.004581917301588206
30-year pole,lognormal_fit,39.35871743486974,0.004972864213702549
30-year pole,lognormal_fit,39.498997995991985,0.005391703769112992
30-year pole,lognormal_fit,39.639278557114224,0.005839963537534766
30-year pole,lognormal_fit,39.77955911823648,0.00631922044405477
30-year pole,lognormal_fit,39.91983967935872,0.0068311000934453804
30-year pole,lognormal_fit,40.06012024048096,0.007377275926954712
30-year pole,lognormal_fit,40.20040080160321,0.007959468207631557
30-year pole,lognormal_fit,40.34068136272545,0.008579442830826392
30-year pole,lognormal_fit,40.480961923847694,0.009239009957122781
30-year pole,lognormal_fit,40.62124248496994,0.009940022465597277
30-year pole,lognormal_fit,40.76152304609218,0.010684374225982564
30-year pole,lognormal_fit,40.90180360721443,0.011473998189000785
30-year pole,lognormal_fit,41.04208416833667,0.012310864294857206
30-year pole,lognormal_fit,41.18236472945892,0.013196977200621695
30-year pole,lognormal_fit,41.322645290581164,0.014134373827973447
30-year pole,lognormal_fit,41.4629258517034,0.015125120733549033
30-year pole,lognormal_fit,41.60320641282566,0.01617131130490387
30-year pole,lognormal_fit,41.743486973947896,0.017275062785863066
30-year pole,lognormal_fit,41.88376753507014,0.01843851313581381
30-year pole,lognormal_fit,42.02404809619239,0.01966381772824957
30-year pole,lognormal_fit,42.16432865731463,0.020953145894635573
30-year pole,lognormal_fit,42.30460921843687,0.02230867732039998
30-year pole,lognormal_fit,42.44488977955912,0.02373259830058496
30-year pole,lognormal_fit,42.58517034068136,0.025227097863385672
30-year pole,lognormal_fit,42.72545090180361,0.02679436377048374
30-year pole,lognormal_fit,42.86573146292585,0.02843657840372707
30-year pole,lognormal_fit,43.0060120240481,0.03015591454832179
30-year pole,lognormal_fit,43.14629258517034,0.0319545310832728
30-year pole,lognormal_fit,43.28657314629258,0.03383456859035439
30-year pole,lognormal_fit,43.42685370741483,0.035798144893378195
30-year pole,lognormal_fit,43.567134268537075,0.037847350539977495
30-year pole,lognormal_fit,43.707414829659314,0.03998424423852923
30-year pole,lognormal_fit,43.84769539078157,0.04221084826318282
30-year pole,lognormal_fit,43.987975951903806,0.04452914384025843
30-year pole,lognormal_fit,44.12825651302605,0.046941066529535315
30-year pole,lognormal_fit,44.2685370741483,0.04944850161411932
30-year pole,lognormal_fit,44.40881763527054,0.052053279512730116
30-year pole,lognormal_fit,44.54909819639279,0.05475717122831502
30-year pole,lognormal_fit,44.68937875751503,0.05756188384690844
30-year pole,lognormal_fit,44.829659318637276,0.06046905610063203
30-year pole,lognormal_fit,44.96993987975952,0.06348025400861522
30-year pole,lognormal_fit,45.11022044088176,0.06659696660947477
30-year pole,lognormal_fit,45.25050100200401,0.0698206017987726
30-year pole,lognormal_fit,45.390781563126254,0.07315248228460876
30-year pole,lognormal_fit,45.53106212424849,0.0765938416741863
30-year pole,lognormal_fit,45.671342685370746,0.08014582070381171
30-year pole,lognormal_fit,45.811623246492985,0.08380946362436992
30-year pole,lognormal_fit,45.95190380761523,0.08758571475384896
30-year pole,lognormal_fit,46.09218436873748,0.09147541520795943
30-year pole,lognormal_fit,46.23246492985972,0.09547929981935088
30-year pole,lognormal_fit,46.37274549098196,0.0995979942553154
30-year pole,lognormal_fit,46.51302605210421,0.10383201234322692
30-year pole,lognormal_fit,46.65330661322645,0.10818175361231058
30-year pole,lognormal_fit,46.7935871743487,0.11264750105961002
30-year pole,lognormal_fit,46.93386773547094,0.11722941914730423
30-year pole,lognormal_fit,47.07414829659319,0.12192755203776884
30-year pole,lognormal_fit,47.21442885771543,0.12674182207198997
30-year pole,lognormal_fit,47.35470941883767,0.13167202849615767
30-year pole,lognormal_fit,47.494989979959925,0.13671784644044943
30-year pole,lognormal_fit,47.635270541082164,0.1418788261531979
30-year pole,lognormal_fit,47.77555110220441,0.1471543924928269
30-year pole,lognormal_fit,47.91583166332666,0.152543844679083
30-year pole,lognormal_fit,48.056112224448896,0.15804635630430314
30-year pole,lognormal_fit,48.19639278557114,0.16366097560460574
30-year pole,lognormal_fit,48.33667334669339,0.16938662599009496
30-year pole,lognormal_fit,48.47695390781563,0.17522210683236467
30-year pole,lognormal_fit,48.61723446893788,0.18116609450679527
30-year pole,lognormal_fit,48.75751503006012,0.18721714368637282
30-year pole,lognormal_fit,48.897795591182366,0.19337368888299683
30-year pole,lognormal_fit,49.03807615230461,0.19963404623154363
30-year pole,lognormal_fit,49.17835671342685,0.20599641551120873
30-year pole,lognormal_fit,49.3186372745491,0.21245888239802468
30-year pole,lognormal_fit,49.45891783567134,0.2190194209417643
30-year pole,lognormal_fit,49.59919839679358,0.22567589625987022
30-year pole,lognormal_fit,49.739478957915836,0.23242606744044375
30-year pole,lognormal_fit,49.879759519038075,0.23926759064579334
30-year pole,lognormal_fit,50.02004008016032,0.24619802240756833
30-year pole,lognormal_fit,50.16032064128257,0.2532148231039887
30-year pole,lognormal_fit,50.300601202404806,0.260315360609312
30-year pole,lognormal_fit,50.44088176352706,0.26749691410525533
30-year pole,lognormal_fit,50.5811623246493,0.27475667804377135
30-year pole,lognormal_fit,50.721442885771545,0.2820917662502801
30-year pole,lognormal_fit,50.86172344689379,0.28949921615616914
30-year pole,lognormal_fit,51.00200400801603,0.2969759931492187
30-year pole,lognormal_fit,51.142284569138276,0.30451899503037017
30-year pole,lognormal_fit,51.28256513026052,0.31212505656517187
30-year pole,lognormal_fit,51.42284569138276,0.3197909541181342
30-year pole,lognormal_fit,51.563126252505015,0.3275134103581702
30-year pole,lognormal_fit,51.703406813627254,0.33528909902328435
30-year pole,lognormal_fit,51.8436873747495,0.34311464973274386
30-year pole,lognormal_fit,51.983967935871746,0.35098665283496266
30-year pole,lognormal_fit,52.124248496993985,0.35890166427951653
30-year pole,lognormal_fit,52.26452905811623,0.36685621050177253
30-year pole,lognormal_fit,52.40480961923848,0.3748467933088535
30-year pole,lognormal_fit,52.545090180360724,0.3828698947558166
30-year pole,lognormal_fit,52.68537074148296,0.3909219820012037
30-year pole,lognormal_fit,52.82565130260521,0.3989995121313419
30-year pole,lognormal_fit,52.965931863727455,0.4070989369431347
30-year pole,lognormal_fit,53.1062124248497,0.4152167076753158
30-year pole,lognormal_fit,53.24649298597195,0.4233492796785684
30-year pole,lognormal_fit,53.38677354709419,0.431493117015226
30-year pole,lognormal_fit,53.52705410821643,0.43964469697965525
30-year pole,lognormal_fit,53.66733466933868,0.44780051453086483
30-year pole,lognormal_fit,53.807615230460925,0.45595708662925577
30-year pole,lognormal_fit,53.947895791583164,0.46411095646988954
30-year pole,lognormal_fit,54.08817635270541,0.472258697605098
30-year pole,lognormal_fit,54.22845691382766,0.48039691794968586
30-year pole,lognormal_fit,54.3687374749499,0.48852226366247387
30-year pole,lognormal_fit,54.50901803607214,0.49663142289837403
30-year pole,lognormal_fit,54.64929859719439,0.5047211294256922
30-year pole,lognormal_fit,54.789579158316634,0.5127881661037651
30-year pole,lognormal_fit,54.92985971943888,0.5208293682166336
30-year pole,lognormal_fit,55.07014028056112,0.528841626658768
30-year pole,lognormal_fit,55.210420841683366,0.5368218909695157
30-year pole,lognormal_fit,55.35070140280561,0.5447671722132542
30-year pole,lognormal_fit,55.49098196392786,0.5526745457027968
30-year pole,lognormal_fit,55.6312625250501,0.560541153564015
30-year pole,lognormal_fit,55.77154308617234,0.5683642071401227
30-year pole,lognormal_fit,55.91182364729459,0.5761409892344317
30-year pole,lognormal_fit,56.052104208416836,0.583868856190958
30-year pole,lognormal_fit,56.19238476953908,0.5915452398125133
30-year pole,lognormal_fit,56.33266533066132,0.5991676491164396
30-year pole,lognormal_fit,56.47294589178357,0.6067336719285155
30-year pole,lognormal_fit,56.61322645290581,0.6142409763158955
30-year pole,lognormal_fit,56.75350701402806,0.6216873118603502
30-year pole,lognormal_fit,56.8937875751503,0.6290705107734177
30-year pole,lognormal_fit,57.034068136272545,0.636388488855417
30-year pole,lognormal_fit,57.17434869739479,0.6436392463005297
30-year pole,lognormal_fit,57.31462925851704,0.65082086835056
30-year pole,lognormal_fit,57.454909819639276,0.6579315258001742
30-year pole,lognormal_fit,57.59519038076152,0.6649694753567106
30-year pole,lognormal_fit,57.73547094188377,0.6719330598579253
30-year pole,lognormal_fit,57.875751503006015,0.6788207083512336
30-year pole,lognormal_fit,58.016032064128254,0.6856309360382287
30-year pole,lognormal_fit,58.1563126252505,0.6923623440884539
30-year pole,lognormal_fit,58.296593186372746,0.6990136193265708
30-year pole,lognormal_fit,58.43687374749499,0.7055835337972511
30-year pole,lognormal_fit,58.57715430861723,0.712070944212207
30-year pole,lognormal_fit,58.71743486973948,0.7184747912839647
30-year pole,lognormal_fit,58.857715430861724,0.7247940989510112
30-year pole,lognormal_fit,58.99799599198397,0.7310279734991244
30-year pole,lognormal_fit,59.138276553106216,0.7371756025837104
30-year pole,lognormal_fit,59.278557114228455,0.7432362541580138
30-year pole,lognormal_fit,59.4188376753507,0.7492092753121814
30-year pole,lognormal_fit,59.55911823647295,0.7550940910281358
30-year pole,lognormal_fit,59.699398797595194,0.7608902028552016
30-year pole,lognormal_fit,59.83967935871743,0.7665971875115364
30-year pole,lognormal_fit,59.97995991983968,0.7722146954162545
30-year pole,lognormal_fit,60.120240480961925,0.7777424491572565
30-year pole,lognormal_fit,60.26052104208417,0.7831802418996197
30-year pole,lognormal_fit,60.40080160320641,0.7885279357394394
30-year pole,lognormal_fit,60.54108216432866,0.7937854600079097
30-year pole,lognormal_fit,60.6813627254509,0.7989528095303629
30-year pole,lognormal_fit,60.82164328657315,0.804030042844949
30-year pole,lognormal_fit,60.96192384769539,0.8090172803854929
30-year pole,lognormal_fit,61.102204408817634,0.8139147026330276
30-year pole,lognormal_fit,61.24248496993988,0.8187225482403437
30-year pole,lognormal_fit,61.38276553106213,0.8234411121338543
30-year pole,lognormal_fit,61.523046092184366,0.8280707435968797
30-year pole,lognormal_fit,61.66332665330661,0.8326118443384248
30-year pole,lognormal_fit,61.80360721442886,0.8370648665513116
30-year pole,lognormal_fit,61.943887775551104,0.8414303109634508
30-year pole,lognormal_fit,62.08416833667335,0.8457087248859088
30-year pole,lognormal_fit,62.22444889779559,0.8499007002612389
30-year pole,lognormal_fit,62.364729458917836,0.8540068717154665
30-year pole,lognormal_fit,62.50501002004008,0.8580279146169354
30-year pole,lognormal_fit,62.64529058116233,0.8619645431450877
30-year pole,lognormal_fit,62.78557114228457,0.8658175083721225
30-year pole,lognormal_fit,62.92585170340681,0.8695875963603135
30-year pole,lognormal_fit,63.06613226452906,0.873275626277624
30-year pole,lognormal_fit,63.206412825651306,0.8768824485341142
30-year pole,lognormal_fit,63.346693386773545,0.8804089429415041
30-year pole,lognormal_fit,63.48697394789579,0.8838560168980791
30-year pole,lognormal_fit,63.62725450901804,0.8872246036010163
30-year pole,lognormal_fit,63.76753507014028,0.8905156602880474
30-year pole,lognormal_fit,63.90781563126252,0.8937301665102395
30-year pole,lognormal_fit,64.04809619238478,0.8968691224375389
30-year pole,lognormal_fit,64.18837675350701,0.8999335471985916
30-year pole,lognormal_fit,64.32865731462925,0.9029244772562112
30-year pole,lognormal_fit,64.4689378757515,0.9058429648197459
30-year pole,lognormal_fit,64.60921843687375,0.9086900762954653
30-year pole,lognormal_fit,64.749498997996,0.9114668907759637
30-year pole,lognormal_fit,64.88977955911824,0.9141744985694549
30-year pole,lognormal_fit,65.03006012024048,0.9168139997697313
30-year pole,lognormal_fit,65.17034068136272,0.9193865028674275
30-year pole,lognormal_fit,65.31062124248497,0.9218931234031225
30-year pole,lognormal_fit,65.45090180360722,0.924334982662738
30-year pole,lognormal_fit,65.59118236472946,0.9267132064155454
30-year pole,lognormal_fit,65.7314629258517,0.9290289236950366
30-year pole,lognormal_fit,65.87174348697394,0.9312832656227935
30-year pole,lognormal_fit,66.0120240480962,0.9334773642754153
30-year pole,lognormal_fit,66.15230460921845,0.9356123515944843
30-year pole,lognormal_fit,66.29258517034069,0.9376893583394517
30-year pole,lognormal_fit,66.43286573146293,0.9397095130832678
30-year pole,lognormal_fit,66.57314629258516,0.9416739412504946
30-year pole,lognormal_fit,66.71342685370742,0.9435837641975826
30-year pole,lognormal_fit,66.85370741482966,0.9454400983349204
30-year pole,lognormal_fit,66.99398797595191,0.947244054290214
30-year pole,lognormal_fit,67.13426853707415,0.9489967361126782
30-year pole,lognormal_fit,67.27454909819639,0.9506992405175121
30-year pole,lognormal_fit,67.41482965931863,0.9523526561700195
30-year pole,lognormal_fit,67.55511022044088,0.9539580630087574
30-year pole,lognormal_fit,67.69539078156313,0.9555165316069946
30-year pole,lognormal_fit,67.83567134268537,0.9570291225717816
30-year pole,lognormal_fit,67.97595190380761,0.958496885979842
30-year pole,lognormal_fit,68.11623246492985,0.9599208608495146
30-year pole,lognormal_fit,68.2565130260521,0.961302074647918
30-year pole,lognormal_fit,68.39679358717436,0.962641542832488
30-year pole,lognormal_fit,68.5370741482966,0.9639402684260375
30-year pole,lognormal_fit,68.67735470941884,0.9651992416244405
30-year pole,lognormal_fit,68.81763527054107,0.9664194394360461
30-year pole,lognormal_fit,68.95791583166333,0.9676018253519163
30-year pole,lognormal_fit,69.09819639278558,0.9687473490459511
30-year pole,lognormal_fit,69.23847695390782,0.9698569461039845
30-year pole,lognormal_fit,69.37875751503006,0.9709315377809077
30-year pole,lognormal_fit,69.5190380761523,0.9719720307848772
30-year pole,lognormal_fit,69.65931863727455,0.9729793170876762
30-year pole,lognormal_fit,69.79959919839679,0.9739542737602785
30-year pole,lognormal_fit,69.93987975951904,0.9748977628326875
30-year pole,lognormal_fit,70.08016032064128,0.9758106311771068
30-year pole,lognormal_fit,70.22044088176352,0.9766937104135254
30-year pole,lognormal_fit,70.36072144288576,0.9775478168367893
30-year pole,lognormal_fit,70.50100200400801,0.9783737513642546
30-year pole,lognormal_fit,70.64128256513027,0.9791722995031221
30-year pole,lognormal_fit,70.78156312625251,0.9799442313365585
30-year pole,lognormal_fit,70.92184368737475,0.9806903015277396
30-year pole,lognormal_fit,71.06212424849699,0.9814112493409419
30-year pole,lognormal_fit,71.20240480961924,0.9821077986788459
30-year pole,lognormal_fit,71.34268537074149,0.9827806581352129
30-year pole,lognormal_fit,71.48296593186373,0.9834305210621253
30-year pole,lognormal_fit,71.62324649298597,0.9840580656509906
30-year pole,lognormal_fit,71.76352705410821,0.9846639550265306
30-year pole,lognormal_fit,71.90380761523046,0.9852488373529944
30-year pole,lognormal_fit,72.04408817635272,0.9858133459518529
30-year pole,lognormal_fit,72.18436873747495,0.986358099430253
30-year pole,lognormal_fit,72.3246492985972,0.9868837018195284
30-year pole,lognormal_fit,72.46492985971943,0.9873907427230817
30-year pole,lognormal_fit,72.60521042084169,0.9878797974729768
30-year pole,lognormal_fit,72.74549098196393,0.9883514272945991
30-year pole,lognormal_fit,72.88577154308618,0.9888061794787604
30-year pole,lognormal_fit,73.02605210420842,0.9892445875606466
30-year pole,lognormal_fit,73.16633266533066,0.9896671715050285
30-year pole,lognormal_fit,73.3066132264529,0.990074437897173
30-year pole,lognormal_fit,73.44689378757515,0.9904668801389167
30-year pole,lognormal_fit,73.5871743486974,0.9908449786493797
30-year pole,lognormal_fit,73.72745490981964,0.9912092010698211
30-year pole,lognormal_fit,73.86773547094188,0.9915600024721578
30-year pole,lognormal_fit,74.00801603206412,0.9918978255706811
30-year pole,lognormal_fit,74.14829659318637,0.992223100936538
30-year pole,lognormal_fit,74.28857715430863,0.9925362472145491
30-year pole,lognormal_fit,74.42885771543087,0.9928376713419653
30-year pole,lognormal_fit,74.5691382765531,0.9931277687687757
30-year pole,lognormal_fit,74.70941883767534,0.9934069236792034
30-year pole,lognormal_fit,74.8496993987976,0.9936755092140414
30-year pole,lognormal_fit,74.98997995991985,0.9939338876934956
30-year pole,lognormal_fit,75.13026052104209,0.9941824108402258
30-year pole,lognormal_fit,75.27054108216433,0.9944214200022845
30-year pole,lognormal_fit,75.41082164328657,0.9946512463756744
30-year pole,lognormal_fit,75.55110220440882,0.9948722112262621
30-year pole,lognormal_fit,75.69138276553106,0.995084626110796
30-year pole,lognormal_fit,75.83166332665331,0.9952887930967971
30-year pole,lognormal_fit,75.97194388777555,0.995485004981101
30-year pole,lognormal_fit,76.11222444889779,0.9956735455068485
30-year pole,lognormal_fit,76.25250501002003,0.9958546895787298
30-year pole,lognormal_fit,76.39278557114228,0.996028703476308
30-year pole,lognormal_fit,76.53306613226454,0.9961958450652516
30-year pole,lognormal_fit,76.67334669338678,0.9963563640063271
30-year pole,lognormal_fit,76.81362725450902,0.9965105019620074
30-year pole,lognormal_fit,76.95390781563125,0.9966584928005664
30-year pole,lognormal_fit,77.09418837675351,0.9968005627975419
30-year pole,lognormal_fit,77.23446893787576,0.9969369308344572
30-year pole,lognormal_fit,77.374749498998,0.9970678085947033
30-year pole,lognormal_fit,77.51503006012024,0.9971934007564937
30-year pole,lognormal_fit,77.65531062124248,0.9973139051828106
30-year pole,lognormal_fit,77.79559118236473,0.9974295131082757
30-year pole,lognormal_fit,77.93587174348698,0.9975404093228781
30-year pole,lognormal_fit,78.07615230460922,0.9976467723525119
30-year pole,lognormal_fit,78.21643286573146,0.9977487746362707
30-year pole,lognormal_fit,78.3567134268537,0.9978465827004656
30-year pole,lognormal_fit,78.49699398797596,0.9979403573293322
30-year pole,lognormal_fit,78.6372745490982,0.9980302537324005
30-year pole,lognormal_fit,78.77755511022045,0.9981164217085108
30-year pole,lognormal_fit,78.91783567134269,0.9981990058064613
30-year pole,lognormal_fit,79.05811623246493,0.9982781454822794
30-year pole,lognormal_fit,79.19839679358716,0.998353975253116
30-year pole,lognormal_fit,79.33867735470942,0.9984266248477626
30-year pole,lognormal_fit,79.47895791583167,0.9984962193538024
30-year pole,lognormal_fit,79.61923847695391,0.9985628793614036
30-year pole,lognormal_fit,79.75951903807615,0.9986267211037726
30-year pole,lognormal_fit,79.89979959919839,0.9986878565942853
30-year pole,lognormal_fit,80.04008016032064,0.9987463937603213
30-year pole,lognormal_fit,80.1803607214429,0.9988024365738261
30-year pole,lognormal_fit,80.32064128256513,0.9988560851786309
30-year pole,lognormal_fit,80.46092184368737,0.9989074360145624
30-year pole,lognormal_fit,80.60120240480961,0.9989565819383784
30-year pole,lognormal_fit,80.74148296593187,0.9990036123415643
30-year pole,lognormal_fit,80.88176352705412,0.9990486132650322
30-year pole,lognormal_fit,81.02204408817636,0.999091667510763
30-year pole,lognormal_fit,81.1623246492986,0.9991328547504339
30-year pole,lognormal_fit,81.30260521042084,0.9991722516310785
30-year pole,lognormal_fit,81.44288577154309,0.9992099318778225
30-year pole,lognormal_fit,81.58316633266533,0.9992459663937461
30-year pole,lognormal_fit,81.72344689378758,0.9992804233569185
30-year pole,lognormal_fit,81.86372745490982,0.9993133683146569
30-year pole,lognormal_fit,82.00400801603206,0.9993448642750582
30-year pole,lognormal_fit,82.1442885771543,0.9993749717958572
30-year pole,lognormal_fit,82.28456913827655,0.9994037490706598
30-year pole,lognormal_fit,82.4248496993988,0.999431252012607
30-year pole,lognormal_fit,82.56513026052104,0.9994575343355198
30-year pole,lognormal_fit,82.70541082164328,0.9994826476325791
30-year pole,lognormal_fit,82.84569138276552,0.9995066414525934
30-year pole,lognormal_fit,82.98597194388778,0.9995295633739066
30-year pole,lognormal_fit,83.12625250501003,0.9995514590760012
30-year pole,lognormal_fit,83.26653306613227,0.9995723724088467
30-year pole,lognormal_fit,83.40681362725451,0.9995923454600494
30-year pole,lognormal_fit,83.54709418837675,0.9996114186198534
30-year pole,lognormal_fit,83.687374749499,0.9996296306440461
30-year pole,lognormal_fit,83.82765531062125,0.999647018714821
30-year pole,lognormal_fit,83.96793587174349,0.9996636184996474
30-year pole,lognormal_fit,84.10821643286573,0.9996794642081995
30-year pole,lognormal_fit,84.24849699398797,0.9996945886473942
30-year pole,lognormal_fit,84.38877755511022,0.9997090232745884
30-year pole,lognormal_fit,84.52905811623246,0.999722798248984
30-year pole,lognormal_fit,84.66933867735472,0.9997359424812905
30-year pole,lognormal_fit,84.80961923847696,0.9997484836816913
30-year pole,lognormal_fit,84.9498997995992,0.9997604484061632
30-year pole,lognormal_fit,85.09018036072145,0.9997718621011928
30-year pole,lognormal_fit,85.23046092184369,0.9997827491469381
30-year pole,lognormal_fit,85.37074148296593,0.9997931328988784
30-year pole,lognormal_fit,85.51102204408818,0.9998030357279973
30-year pole,lognormal_fit,85.65130260521042,0.9998124790595423
30-year pole,lognormal_fit,85.79158316633267,0.9998214834104022
30-year pole,lognormal_fit,85.93186372745491,0.9998300684251467
30-year pole,lognormal_fit,86.07214428857715,0.9998382529107647
30-year pole,lognormal_fit,86.2124248496994,0.9998460548701459
30-year pole,lognormal_fit,86.35270541082164,0.9998534915343411
30-year pole,lognormal_fit,86.4929859719439,0.9998605793936414
30-year pole,lognormal_fit,86.63326653306613,0.9998673342275123
30-year pole,lognormal_fit,86.77354709418837,0.9998737711334214
30-year pole,lognormal_fit,86.91382765531063,0.999879904554592
30-year pole,lognormal_fit,87.05410821643287,0.9998857483067205
30-year pole,lognormal_fit,87.1943887775551,0.9998913156036898
30-year pole,lognormal_fit,87.33466933867736,0.999896619082312
30-year pole,lognormal_fit,87.4749498997996,0.9999016708261323
30-year pole,lognormal_fit,87.61523046092185,0.9999064823883279
30-year pole,lognormal_fit,87.75551102204409,0.9999110648137273
30-year pole,lognormal_fit,87.89579158316633,0.9999154286599862
30-year pole,lognormal_fit,88.03607214428858,0.9999195840179437
30-year pole,lognormal_fit,88.17635270541082,0.9999235405311891
30-year pole,lognormal_fit,88.31663326653306,0.9999273074148679
30-year pole,lognormal_fit,88.45691382765531,0.99993089347375
30-year pole,lognormal_fit,88.59719438877755,0.9999343071195899
30-year pole,lognormal_fit,88.7374749498998,0.9999375563878014
30-year pole,lognormal_fit,88.87775551102204,0.9999406489534722
30-year pole,lognormal_fit,89.01803607214428,0.9999435921467414
30-year pole,lognormal_fit,89.15831663326654,0.9999463929675634
30-year pole,lognormal_fit,89.29859719438878,0.9999490580998799
30-year pole,lognormal_fit,89.43887775551103,0.9999515939252227
30-year pole,lognormal_fit,89.57915831663327,0.9999540065357659
30-year pole,lognormal_fit,89.71943887775551,0.9999563017468502
30-year pole,lognormal_fit,89.85971943887776,0.9999584851089972
30-year pole,lognormal_fit,90.0,0.9999605619194333
60-year pole,digitized,20.200000000000003,0.0
60-year pole,digitized,20.300000000000004,0.0
60-year pole,digitized,20.40000000000001,0.0
60-year pole,digitized,20.500000000000007,0.0
60-year pole,digitized,20.60000000000001,0.0
60-year pole,digitized,20.70000000000001,0.0
60-year pole,digitized,20.80000000000001,0.0
60-year pole,digitized,20.900000000000013,0.0
60-year pole,digitized,21.000000000000018,0.0
60-year pole,digitized,21.100000000000016,0.0
60-year pole,digitized,21.200000000000017,0.0
60-year pole,digitized,21.30000000000002,0.0
60-year pole,digitized,21.40000000000002,0.0
60-year pole,digitized,21.50000000000002,0.0
60-year pole,digitized,21.600000000000023,0.0
60-year pole,digitized,21.700000000000024,0.0
60-year pole,digitized,21.800000000000026,0.0
60-year pole,digitized,21.900000000000027,0.0
60-year pole,digitized,22.00000000000003,0.0
60-year pole,digitized,22.10000000000003,0.0
60-year pole,digitized,22.20000000000003,0.0
60-year pole,digitized,22.300000000000033,0.0
60-year pole,digitized,22.40000000000003,0.0
60-year pole,digitized,22.500000000000036,0.0
60-year pole,digitized,22.600000000000037,0.0
60-year pole,digitized,22.70000000000004,0.0
60-year pole,digitized,22.80000000000004,0.0
60-year pole,digitized,22.90000000000004,0.0
60-year pole,digitized,23.000000000000043,0.0
60-year pole,digitized,23.100000000000044,0.0
60-year pole,digitized,23.200000000000045,0.0
60-year pole,digitized,23.300000000000047,0.0
60-year pole,digitized,23.40000000000005,0.0
60-year pole,digitized,23.50000000000005,0.0
60-year pole,digitized,23.60000000000005,0.0
60-year pole,digitized,23.700000000000053,0.0
60-year pole,digitized,23.800000000000058,0.0
60-year pole,digitized,23.900000000000055,0.0
60-year pole,digitized,24.000000000000057,2.220446049250313e-16
60-year pole,digitized,24.10000000000006,0.0
60-year pole,digitized,24.20000000000006,4.440892098500626e-16
60-year pole,digitized,24.30000000000006,1.1102230246251563e-15
60-year pole,digitized,24.400000000000063,1.7763568394002505e-15
60-year pole,digitized,24.500000000000064,2.220446049250313e-15
60-year pole,digitized,24.600000000000065,2.6645352591003757e-15
60-year pole,digitized,24.700000000000067,2.886579864025407e-15
60-year pole,digitized,24.800000000000068,3.1086244689504387e-15
60-year pole,digitized,24.90000000000007,2.886579864025407e-15
60-year pole,digitized,25.00000000000007,2.4424906541753444e-15
60-year pole,digitized,25.100000000000072,1.5543122344752194e-15
60-year pole,digitized,25.20000000000007,2.220446049250313e-16
60-year pole,digitized,25.300000000000075,2.4424906541753444e-15
60-year pole,digitized,25.400000000000077,0.0
60-year pole,digitized,25.50000000000008,5.74429392941056e-13
60-year pole,digitized,25.60000000000008,0.0
60-year pole,digitized,25.70000000000008,0.0
60-year pole,digitized,25.80000000000008,1.1320966386563214e-10
60-year pole,digitized,25.900000000000084,0.0
60-year pole,digitized,26.000000000000085,0.0
60-year pole,digitized,26.100000000000087,2.1995818277886773e-08
60-year pole,digitized,26.200000000000088,0.0
60-year pole,digitized,26.30000000000009,0.0
60-year pole,digitized,26.40000000000009,4.2179003321e-06
60-year pole,digitized,26.500000000000092,0.0
60-year pole,digitized,26.600000000000097,0.0
60-year pole,digitized,26.700000000000095,4.60378159454e-05
60-year pole,digitized,26.800000000000097,0.0001794602830926
60-year pole,digitized,26.900000000000095,0.0003365766954792
60-year pole,digitized,27.0000000000001,0.0005122917442004
60-year pole,digitized,27.100000000000104,0.0007015101203518
60-year pole,digitized,27.200000000000102,0.0008991365150285
60-year pole,digitized,27.300000000000104,0.0011000756193264
60-year pole,digitized,27.400000000000105,0.0012992321243405
60-year pole,digitized,27.500000000000107,0.0014915107211666
60-year pole,digitized,27.600000000000108,0.0016718161008997
60-year pole,digitized,27.70000000000011,0.0018350529546358
60-year pole,digitized,27.80000000000011,0.0019761259734698
60-year pole,digitized,27.900000000000112,0.0022813539104979
60-year pole,digitized,28.000000000000117,0.0020249710304482
60-year pole,digitized,28.100000000000115,0.0020585137206554
60-year pole,digitized,28.200000000000117,0.0020655981553348
60-year pole,digitized,28.30000000000012,0.0020332214639862
60-year pole,digitized,28.400000000000123,0.0020606569791448
60-year pole,digitized,28.50000000000012,0.0022550944286869
60-year pole,digitized,28.60000000000012,0.0034084234619466
60-year pole,digitized,28.700000000000127,0.0047124781333096
60-year pole,digitized,28.80000000000013,0.0058531243450297
60-year pole,digitized,28.90000000000013,0.0053413766696774
60-year pole,digitized,29.000000000000128,0.0061440352790353
60-year pole,digitized,29.10000000000013,0.0061320671946238
60-year pole,digitized,29.200000000000134,0.0064075896636577
60-year pole,digitized,29.300000000000136,0.0052439522994403
60-year pole,digitized,29.400000000000137,0.0057712471180915
60-year pole,digitized,29.500000000000135,0.0061592253072864
60-year pole,digitized,29.60000000000014,0.0066178138747108
60-year pole,digitized,29.70000000000014,0.0071303088754066
60-year pole,digitized,29.800000000000143,0.0076800063644162
60-year pole,digitized,29.90000000000014,0.0082502023967812
60-year pole,digitized,30.000000000000146,0.0088241930275441
60-year pole,digitized,30.100000000000147,0.0093852743117468
60-year pole,digitized,30.20000000000015,0.0099167423044315
60-year pole,digitized,30.30000000000015,0.0104018930606402
60-year pole,digitized,30.400000000000148,0.0108240226354145
60-year pole,digitized,30.500000000000153,0.0117857745121114
60-year pole,digitized,30.60000000000015,0.011601058487302
60-year pole,digitized,30.700000000000156,0.0112759417118644
60-year pole,digitized,30.800000000000153,0.012916142980436
60-year pole,digitized,30.90000000000016,0.014487800944124
60-year pole,digitized,31.00000000000016,0.0142963450226609
60-year pole,digitized,31.10000000000016,0.0145118726267159
60-year pole,digitized,31.200000000000163,0.0144109518547892
60-year pole,digitized,31.30000000000016,0.0155912265541686
60-year pole,digitized,31.40000000000017,0.0169109908597215
60-year pole,digitized,31.500000000000167,0.0171842537234625
60-year pole,digitized,31.60000000000017,0.0173208657498993
60-year pole,digitized,31.70000000000017,0.0181216513567663
60-year pole,digitized,31.80000000000017,0.0203476100267475
60-year pole,digitized,31.900000000000173,0.0213679125271489
60-year pole,digitized,32.00000000000017,0.0222980800652988
60-year pole,digitized,32.10000000000017,0.0233037307379746
60-year pole,digitized,32.20000000000017,0.0243461950541853
60-year pole,digitized,32.30000000000018,0.0253868035229398
60-year pole,digitized,32.400000000000176,0.0263868866532472
60-year pole,digitized,32.500000000000185,0.0273077749541166
60-year pole,digitized,32.60000000000018,0.0281107989345564
60-year pole,digitized,32.70000000000019,0.0287572891035762
60-year pole,digitized,32.80000000000018,0.0286867494518554
60-year pole,digitized,32.90000000000018,0.0289746564029413
60-year pole,digitized,33.000000000000185,0.0285188064804404
60-year pole,digitized,33.10000000000019,0.0324666343136262
60-year pole,digitized,33.20000000000019,0.0319027601908603
60-year pole,digitized,33.300000000000196,0.0333133766258243
60-year pole,digitized,33.40000000000019,0.0350784432482494
60-year pole,digitized,33.5000000000002,0.0359226672499282
60-year pole,digitized,33.60000000000019,0.0380613037623421
60-year pole,digitized,33.7000000000002,0.0378044513897835
60-year pole,digitized,33.800000000000196,0.0405812234528174
60-year pole,digitized,33.9000000000002,0.039967692753813
60-year pole,digitized,34.0000000000002,0.0419699333079811
60-year pole,digitized,34.10000000000021,0.0432870909521491
60-year pole,digitized,34.2000000000002,0.0448468775262036
60-year pole,digitized,34.30000000000021,0.0465650190805887
60-year pole,digitized,34.400000000000205,0.0483572416657477
60-year pole,digitized,34.50000000000021,0.050139271332124
60-year pole,digitized,34.60000000000021,0.051826834130161
60-year pole,digitized,34.70000000000021,0.0533356561103023
60-year pole,digitized,34.80000000000021,0.0545814633229911
60-year pole,digitized,34.90000000000022,0.0556827532134333
60-year pole,digitized,35.00000000000021,0.0585393550060819
60-year pole,digitized,35.10000000000022,0.0597902671357334
60-year pole,digitized,35.200000000000216,0.0610431947966548
60-year pole,digitized,35.300000000000225,0.0623855907245944
60-year pole,digitized,35.40000000000022,0.0655038449209634
60-year pole,digitized,35.50000000000023,0.0670282651713254
60-year pole,digitized,35.60000000000022,0.0702344933863614
60-year pole,digitized,35.70000000000022,0.0695602761214193
60-year pole,digitized,35.800000000000225,0.0727090701336958
60-year pole,digitized,35.90000000000023,0.0728807249966473
60-year pole,digitized,36.00000000000023,0.0746973113176164
60-year pole,digitized,36.10000000000024,0.0770271246446263
60-year pole,digitized,36.20000000000023,0.0796825184173195
60-year pole,digitized,36.30000000000024,0.0824758460753389
60-year pole,digitized,36.40000000000023,0.0852194610583266
60-year pole,digitized,36.500000000000234,0.0877257168059252
60-year pole,digitized,36.60000000000024,0.0898069667577771
60-year pole,digitized,36.70000000000024,0.0917552975845721
60-year pole,digitized,36.80000000000024,0.0919785896647424
60-year pole,digitized,36.90000000000025,0.0929025900153275
60-year pole,digitized,37.00000000000024,0.096466107203062
60-year pole,digitized,37.10000000000025,0.0995036783708045
60-year pole,digitized,37.20000000000024,0.099615151104239
60-year pole,digitized,37.30000000000025,0.1019923153817596
60-year pole,digitized,37.40000000000025,0.1069708435222598
60-year pole,digitized,37.50000000000025,0.1087711262213972
60-year pole,digitized,37.60000000000025,0.1108121268689155
60-year pole,digitized,37.70000000000026,0.1133568599156145
60-year pole,digitized,37.80000000000025,0.1162155522971186
60-year pole,digitized,37.90000000000026,0.1191984309490521
60-year pole,digitized,38.000000000000256,0.1221157228070392
60-year pole,digitized,38.100000000000264,0.1247776548067038
60-year pole,digitized,38.20000000000026,0.1269944538836707
60-year pole,digitized,38.30000000000026,0.1294017478469643
60-year pole,digitized,38.40000000000026,0.1312531816678297
60-year pole,digitized,38.50000000000027,0.1323402999448476
60-year pole,digitized,38.600000000000264,0.1378402290115372
60-year pole,digitized,38.70000000000027,0.1408727227208913
60-year pole,digitized,38.80000000000027,0.1413933959238328
60-year pole,digitized,38.90000000000027,0.1444771283374413
60-year pole,digitized,39.00000000000027,0.1455269274883052
60-year pole,digitized,39.10000000000028,0.1499306112894783
60-year pole,digitized,39.20000000000027,0.1540405342692219
60-year pole,digitized,39.30000000000028,0.1587857230348794
60-year pole,digitized,39.40000000000027,0.1633400489181697
60-year pole,digitized,39.50000000000029,0.1668773832508112
60-year pole,digitized,39.600000000000286,0.1668209610418888
60-year pole,digitized,39.70000000000029,0.1698544605572702
60-year pole,digitized,39.80000000000028,0.1734767327897695
60-year pole,digitized,39.90000000000029,0.1750123935228446
60-year pole,digitized,40.00000000000029,0.1791859757036698
60-year pole,digitized,40.100000000000286,0.1801519137302256
60-year pole,digitized,40.20000000000029,0.1853850603165607
60-year pole,digitized,40.300000000000296,0.1891354419011485
60-year pole,digitized,40.40000000000029,0.192995640504368
60-year pole,digitized,40.5000000000003,0.1970846121319793
60-year pole,digitized,40.60000000000029,0.2010392455267322
60-year pole,digitized,40.7000000000003,0.2044964294313763
60-year pole,digitized,40.800000000000296,0.2070930525886619
60-year pole,digitized,40.900000000000304,0.2076466636689212
60-year pole,digitized,41.0000000000003,0.2118158903617815
60-year pole,digitized,41.10000000000031,0.2161547023769287
60-year pole,digitized,41.2000000000003,0.2171678294153267
60-year pole,digitized,41.30000000000031,0.2215880606634276
60-year pole,digitized,41.40000000000031,0.2239963449564143
60-year pole,digitized,41.50000000000031,0.2288076918005464
60-year pole,digitized,41.60000000000031,0.2320839021209435
60-year pole,digitized,41.700000000000315,0.2360381764919025
60-year pole,digitized,41.80000000000031,0.2402691939004463
60-year pole,digitized,41.90000000000031,0.2443756333335982
60-year pole,digitized,42.00000000000031,0.2479561737783809
60-year pole,digitized,42.10000000000032,0.2509206648591306
60-year pole,digitized,42.200000000000315,0.2528231566864656
60-year pole,digitized,42.30000000000032,0.2575129285323159
60-year pole,digitized,42.40000000000032,0.2594671121588766
60-year pole,digitized,42.50000000000033,0.2649612379373831
60-year pole,digitized,42.60000000000032,0.2700459955163217
60-year pole,digitized,42.70000000000033,0.2685997156560122
60-year pole,digitized,42.80000000000032,0.2726123296719251
60-year pole,digitized,42.90000000000033,0.277271087228978
60-year pole,digitized,43.00000000000033,0.2828686205623918
60-year pole,digitized,43.100000000000335,0.2883799094727074
60-year pole,digitized,43.20000000000034,0.2927799337604655
60-year pole,digitized,43.30000000000034,0.2939007946946974
60-year pole,digitized,43.40000000000033,0.3003875223150479
60-year pole,digitized,43.50000000000034,0.3032097468476147
60-year pole,digitized,43.600000000000335,0.3064967838587702
60-year pole,digitized,43.700000000000344,0.3122007336341806
60-year pole,digitized,43.80000000000034,0.3141498226567177
60-year pole,digitized,43.90000000000035,0.3182848593484717
60-year pole,digitized,44.00000000000035,0.3233917301194376
60-year pole,digitized,44.10000000000035,0.3285961554543104
60-year pole,digitized,44.200000000000344,0.3330238558377849
60-year pole,digitized,44.30000000000035,0.3377030244882089
60-year pole,digitized,44.40000000000035,0.3361758465443394
60-year pole,digitized,44.500000000000355,0.3425916320513911
60-year pole,digitized,44.60000000000036,0.3441400778515262
60-year pole,digitized,44.70000000000035,0.3507964327559677
60-year pole,digitized,44.80000000000036,0.3502295174269846
60-year pole,digitized,44.900000000000354,0.3556719491410811
60-year pole,digitized,45.00000000000036,0.359868195553199
60-year pole,digitized,45.10000000000037,0.3648686674625425
60-year pole,digitized,45.20000000000036,0.37005118167838
60-year pole,digitized,45.30000000000037,0.3747935550099799
60-year pole,digitized,45.40000000000037,0.3808660487563862
60-year pole,digitized,45.50000000000037,0.3830630476488399
60-year pole,digitized,45.60000000000037,0.3847328574044245
60-year pole,digitized,45.700000000000365,0.3883994885127262
60-year pole,digitized,45.800000000000374,0.3952869463388426
60-year pole,digitized,45.900000000000375,0.3958940940359212
60-year pole,digitized,46.00000000000037,0.3993865406905521
60-year pole,digitized,46.10000000000038,0.4039636225312064
60-year pole,digitized,46.20000000000037,0.409135551772382
60-year pole,digitized,46.30000000000038,0.414412540628577
60-year pole,digitized,46.40000000000038,0.4193048013142892
60-year pole,digitized,46.50000000000038,0.4245635831958471
60-year pole,digitized,46.600000000000385,0.4292540889498231
60-year pole,digitized,46.70000000000038,0.4296070769535066
60-year pole,digitized,46.80000000000039,0.4367868778874598
60-year pole,digitized,46.90000000000039,0.4394548719795825
60-year pole,digitized,47.000000000000384,0.4403872255717356
60-year pole,digitized,47.10000000000039,0.4451688333140033
60-year pole,digitized,47.200000000000394,0.4502516209887161
60-year pole,digitized,47.300000000000395,0.4558216457794359
60-year pole,digitized,47.4000000000004,0.4607967249061035
60-year pole,digitized,47.50000000000039,0.4653278322937535
60-year pole,digitized,47.6000000000004,0.4669577937511141
60-year pole,digitized,47.7000000000004,0.4750702835348663
60-year pole,digitized,47.800000000000395,0.4768180379487323
60-year pole,digitized,47.9000000000004,0.4816003360347262
60-year pole,digitized,48.0000000000004,0.4817997450091822
60-year pole,digitized,48.100000000000406,0.4855712224202877
60-year pole,digitized,48.20000000000041,0.4905631626068527
60-year pole,digitized,48.3000000000004,0.4960890798419444
60-year pole,digitized,48.40000000000041,0.5013737462451168
60-year pole,digitized,48.50000000000041,0.5056419339359239
60-year pole,digitized,48.60000000000041,0.5074113970054941
60-year pole,digitized,48.700000000000415,0.510588759716224
60-year pole,digitized,48.80000000000041,0.5165311580334233
60-year pole,digitized,48.90000000000042,0.5213003399717162
60-year pole,digitized,49.00000000000042,0.5257743434513799
60-year pole,digitized,49.10000000000042,0.5246237323367804
60-year pole,digitized,49.20000000000042,0.5293795048711902
60-year pole,digitized,49.300000000000416,0.5355083506504743
60-year pole,digitized,49.400000000000425,0.5420855721315136
60-year pole,digitized,49.500000000000426,0.5472873013409736
60-year pole,digitized,49.60000000000042,0.5477653974822755
60-year pole,digitized,49.70000000000043,0.5507351604702151
60-year pole,digitized,49.80000000000042,0.5548270618416338
60-year pole,digitized,49.90000000000043,0.5584159197658645
60-year pole,digitized,50.00000000000043,0.5633405264955764
60-year pole,digitized,50.10000000000043,0.5683508863992311
60-year pole,digitized,50.20000000000043,0.5703931283955448
60-year pole,digitized,50.30000000000044,0.5719201100775642
60-year pole,digitized,50.40000000000044,0.575528623234585
60-year pole,digitized,50.50000000000044,0.5800422130627486
60-year pole,digitized,50.600000000000435,0.5847224782606576
60-year pole,digitized,50.70000000000044,0.5888310175269146
60-year pole,digitized,50.800000000000445,0.5944809874263441
60-year pole,digitized,50.900000000000446,0.5979156935002242
60-year pole,digitized,51.00000000000045,0.6014150274433616
60-year pole,digitized,51.10000000000044,0.6041398655097614
60-year pole,digitized,51.20000000000044,0.6084868716219539
60-year pole,digitized,51.30000000000045,0.6116591151459474
60-year pole,digitized,51.40000000000045,0.611345787940601
60-year pole,digitized,51.500000000000455,0.6155681546423846
60-year pole,digitized,51.600000000000456,0.6201081127167258
60-year pole,digitized,51.70000000000045,0.6251242668930175
60-year pole,digitized,51.80000000000046,0.6299472723531565
60-year pole,digitized,51.90000000000046,0.6339077842790399
60-year pole,digitized,52.00000000000046,0.6365323003162695
60-year pole,digitized,52.10000000000046,0.641539889076175
60-year pole,digitized,52.20000000000046,0.6416429650064768
60-year pole,digitized,52.300000000000466,0.645251165436504
60-year pole,digitized,52.40000000000047,0.6504482348164213
60-year pole,digitized,52.50000000000047,0.651379157626076
60-year pole,digitized,52.60000000000047,0.6551788307002039
60-year pole,digitized,52.700000000000465,0.6588895503529079
60-year pole,digitized,52.800000000000466,0.6632192012636283
60-year pole,digitized,52.900000000000475,0.6675808251472184
60-year pole,digitized,53.00000000000048,0.6713874637185312
60-year pole,digitized,53.10000000000048,0.6756422332928107
60-year pole,digitized,53.20000000000047,0.6782548776298729
60-year pole,digitized,53.30000000000047,0.6796460221485228
60-year pole,digitized,53.40000000000048,0.6835011445466841
60-year pole,digitized,53.50000000000048,0.6849700696309787
60-year pole,digitized,53.600000000000485,0.6898833643892626
60-year pole,digitized,53.70000000000048,0.690888396749059
60-year pole,digitized,53.80000000000048,0.695317180283749
60-year pole,digitized,53.90000000000049,0.6986269145994458
60-year pole,digitized,54.00000000000049,0.702454015046433
60-year pole,digitized,54.10000000000049,0.7064202764350163
60-year pole,digitized,54.200000000000486,0.7101474935755011
60-year pole,digitized,54.30000000000049,0.7132574612781931
60-year pole,digitized,54.400000000000496,0.7164151989101888
60-year pole,digitized,54.5000000000005,0.7165332134099155
60-year pole,digitized,54.6000000000005,0.7200074324094814
60-year pole,digitized,54.7000000000005,0.7224658010098531
60-year pole,digitized,54.800000000000495,0.7273864378000855
60-year pole,digitized,54.9000000000005,0.729922160151751
60-year pole,digitized,55.000000000000504,0.7293677546165248
60-year pole,digitized,55.100000000000506,0.7355128344479211
60-year pole,digitized,55.20000000000051,0.7386983580621821
60-year pole,digitized,55.3000000000005,0.7421928625330738
60-year pole,digitized,55.40000000000051,0.7456931411430436
60-year pole,digitized,55.50000000000051,0.7488959871745384
60-year pole,digitized,55.60000000000051,0.7514981939100052
60-year pole,digitized,55.700000000000514,0.7535399115088964
60-year pole,digitized,55.80000000000051,0.7545880501130171
60-year pole,digitized,55.90000000000052,0.7595190818359184
60-year pole,digitized,56.00000000000052,0.7632928905560581
60-year pole,digitized,56.10000000000052,0.7634169940224117
60-year pole,digitized,56.20000000000052,0.7670759635423976
60-year pole,digitized,56.30000000000051,0.7701088126005425
60-year pole,digitized,56.40000000000052,0.7706876577848154
60-year pole,digitized,56.500000000000526,0.7740908291688281
60-year pole,digitized,56.60000000000053,0.7763013021258254
60-year pole,digitized,56.70000000000053,0.7789657557597469
60-year pole,digitized,56.80000000000052,0.7819078929331829
60-year pole,digitized,56.90000000000053,0.7849514165087231
60-year pole,digitized,57.00000000000053,0.7879200293489579
60-year pole,digitized,57.100000000000534,0.790637434316477
60-year pole,digitized,57.200000000000536,0.7929273342738707
60-year pole,digitized,57.30000000000053,0.795909894929625
60-year pole,digitized,57.40000000000053,0.7970942327353843
60-year pole,digitized,57.50000000000054,0.7993057635950838
60-year pole,digitized,57.60000000000054,0.8020535486263383
60-year pole,digitized,57.70000000000054,0.8036591666466671
60-year pole,digitized,57.800000000000544,0.8064295707070234
60-year pole,digitized,57.90000000000054,0.8104441516338661
60-year pole,digitized,58.00000000000055,0.8108642126434599
60-year pole,digitized,58.10000000000055,0.812613570438665
60-year pole,digitized,58.20000000000055,0.8148899098121204
60-year pole,digitized,58.30000000000055,0.8175252318171699
60-year pole,digitized,58.400000000000546,0.8203515375071572
60-year pole,digitized,58.500000000000554,0.8232008279354258
60-year pole,digitized,58.60000000000056,0.8259051041553198
60-year pole,digitized,58.70000000000056,0.8282963672201825
60-year pole,digitized,58.80000000000056,0.8326706731549611
60-year pole,digitized,58.90000000000055,0.833353757474987
60-year pole,digitized,59.00000000000056,0.8340381756372696
60-year pole,digitized,59.10000000000056,0.836141501751863
60-year pole,digitized,59.20000000000056,0.8402275003541773
60-year pole,digitized,59.300000000000566,0.8411904298150477
60-year pole,digitized,59.40000000000056,0.8435380898119786
60-year pole,digitized,59.50000000000057,0.8464468638491375
60-year pole,digitized,59.60000000000057,0.8466440799309131
60-year pole,digitized,59.70000000000057,0.847938035526802
60-year pole,digitized,59.80000000000057,0.8495431659234122
60-year pole,digitized,59.90000000000057,0.8513859883114971
60-year pole,digitized,60.000000000000576,0.8533930198818107
60-year pole,digitized,60.10000000000058,0.8554907778251066
60-year pole,digitized,60.20000000000058,0.8576057793321384
60-year pole,digitized,60.30000000000058,0.8596645415936599
60-year pole,digitized,60.400000000000574,0.8615935818004248
60-year pole,digitized,60.500000000000576,0.8633194171431867
60-year pole,digitized,60.600000000000584,0.8679266540935917
60-year pole,digitized,60.700000000000585,0.8668131576698768
60-year pole,digitized,60.80000000000059,0.8686757436772464
60-year pole,digitized,60.90000000000059,0.8697190885495757
60-year pole,digitized,61.00000000000058,0.8725577605097371
60-year pole,digitized,61.10000000000059,0.8732921750302332
60-year pole,digitized,61.20000000000059,0.8754357541556724
60-year pole,digitized,61.300000000000594,0.8757642928822467
60-year pole,digitized,61.400000000000595,0.876775551364473
60-year pole,digitized,61.50000000000059,0.877618182212189
60-year pole,digitized,61.6000000000006,0.8793013706648641
60-year pole,digitized,61.7000000000006,0.8807367651748341
60-year pole,digitized,61.8000000000006,0.8824518482231888
60-year pole,digitized,61.9000000000006,0.8843499361430346
60-year pole,digitized,62.0000000000006,0.8863343452674781
60-year pole,digitized,62.100000000000605,0.8883083919296262
60-year pole,digitized,62.20000000000061,0.890175392462585
60-year pole,digitized,62.30000000000061,0.8918386631994614
60-year pole,digitized,62.40000000000061,0.8932015204733618
60-year pole,digitized,62.50000000000061,0.8942848840444433
60-year pole,digitized,62.60000000000061,0.8962898310765273
60-year pole,digitized,62.700000000000614,0.8970083622132987
60-year pole,digitized,62.800000000000615,0.8991739321762511
60-year pole,digitized,62.90000000000062,0.8990199659584571
60-year pole,digitized,63.00000000000061,0.9022732140863796
60-year pole,digitized,63.10000000000062,0.9016521430174512
60-year pole,digitized,63.20000000000062,0.9045108671372448
60-year pole,digitized,63.30000000000062,0.9049431970117988
60-year pole,digitized,63.400000000000624,0.9073943437973616
60-year pole,digitized,63.50000000000062,0.9083735047931676
60-year pole,digitized,63.60000000000063,0.9103348894492848
60-year pole,digitized,63.70000000000063,0.9111399924821646
60-year pole,digitized,63.80000000000063,0.9120615219337408
60-year pole,digitized,63.90000000000063,0.9130698084099692
60-year pole,digitized,64.00000000000063,0.9141351825168048
60-year pole,digitized,64.10000000000062,0.9152279748602032
60-year pole,digitized,64.20000000000061,0.9163185160461194
60-year pole,digitized,64.30000000000061,0.9173771366805088
60-year pole,digitized,64.4000000000006,0.9183741673693272
60-year pole,digitized,64.5000000000006,0.9192799387185294
60-year pole,digitized,64.6000000000006,0.920958309030902
60-year pole,digitized,64.70000000000059,0.9225479307348784
60-year pole,digitized,64.80000000000058,0.9226244316728232
60-year pole,digitized,64.90000000000057,0.9233764234485136
60-year pole,digitized,65.00000000000057,0.9256670926826857
60-year pole,digitized,65.10000000000056,0.9252769508679788
60-year pole,digitized,65.20000000000056,0.9272752776554136
60-year pole,digitized,65.30000000000055,0.9280357763048914
60-year pole,digitized,65.40000000000055,0.9306987163472809
60-year pole,digitized,65.50000000000054,0.9310722416160322
60-year pole,digitized,65.60000000000053,0.9304541011547492
60-year pole,digitized,65.70000000000053,0.9319569508804572
60-year pole,digitized,65.80000000000052,0.9327009696904844
60-year pole,digitized,65.90000000000052,0.9335676080748186
60-year pole,digitized,66.00000000000051,0.9345288446565742
60-year pole,digitized,66.1000000000005,0.935556658058866
60-year pole,digitized,66.2000000000005,0.93662302690481
60-year pole,digitized,66.3000000000005,0.9376999298175204
60-year pole,digitized,66.40000000000049,0.9387593454201127
60-year pole,digitized,66.5000000000005,0.9397732523357016
60-year pole,digitized,66.60000000000048,0.940713629187402
60-year pole,digitized,66.70000000000047,0.9415524545983294
60-year pole,digitized,66.80000000000047,0.9422617071915984
60-year pole,digitized,66.90000000000046,0.9433144418215058
60-year pole,digitized,67.00000000000045,0.9467445190617518
60-year pole,digitized,67.10000000000045,0.9460612498739313
60-year pole,digitized,67.20000000000044,0.9465021871303768
60-year pole,digitized,67.30000000000044,0.94873302706072
60-year pole,digitized,67.40000000000043,0.9488302841992616
60-year pole,digitized,67.50000000000043,0.9496227877738078
60-year pole,digitized,67.60000000000042,0.9486836425712308
60-year pole,digitized,67.70000000000041,0.9509925220950972
60-year pole,digitized,67.80000000000041,0.952423514239472
60-year pole,digitized,67.9000000000004,0.9521281320073952
60-year pole,digitized,68.0000000000004,0.952119337024626
60-year pole,digitized,68.10000000000039,0.9526444303493732
60-year pole,digitized,68.20000000000039,0.954566832244978
60-year pole,digitized,68.30000000000038,0.955160686264136
60-year pole,digitized,68.40000000000039,0.9558089803004384
60-year pole,digitized,68.50000000000037,0.9564939611127292
60-year pole,digitized,68.60000000000036,0.9571978754598506
60-year pole,digitized,68.70000000000036,0.957902970100646
60-year pole,digitized,68.80000000000035,0.9585914917939584
60-year pole,digitized,68.90000000000035,0.9592456872986308
60-year pole,digitized,69.00000000000034,0.959847803373506
60-year pole,digitized,69.10000000000034,0.9603800867774273
60-year pole,digitized,69.20000000000033,0.9608247842692376
60-year pole,digitized,69.30000000000032,0.9615310227111326
60-year pole,digitized,69.40000000000032,0.9613556494992448
60-year pole,digitized,69.50000000000031,0.9624517268711223
60-year pole,digitized,69.6000000000003,0.9633885342207597
60-year pole,digitized,69.7000000000003,0.9630872307197328
60-year pole,digitized,69.8000000000003,0.9638497928704292
60-year pole,digitized,69.90000000000029,0.9651153677670696
60-year pole,digitized,70.00000000000028,0.9663633106084552
60-year pole,digitized,70.10000000000028,0.966542322715888
60-year pole,digitized,70.20000000000027,0.9666350215277308
60-year pole,digitized,70.30000000000028,0.9662160869557852
60-year pole,digitized,70.40000000000026,0.9680480824314082
60-year pole,digitized,70.50000000000026,0.969231405896969
60-year pole,digitized,70.60000000000025,0.9694229279839054
60-year pole,digitized,70.70000000000024,0.9697436541013484
60-year pole,digitized,70.80000000000024,0.9701347143699244
60-year pole,digitized,70.90000000000023,0.9705824480782606
60-year pole,digitized,71.00000000000023,0.9710731945149828
60-year pole,digitized,71.10000000000022,0.971593292968718
60-year pole,digitized,71.20000000000022,0.9721290827280924
60-year pole,digitized,71.30000000000021,0.9726669030817326
60-year pole,digitized,71.40000000000022,0.9731930933182652
60-year pole,digitized,71.5000000000002,0.9736939927263168
60-year pole,digitized,71.6000000000002,0.9741559405945136
60-year pole,digitized,71.70000000000019,0.9745652762114824
60-year pole,digitized,71.80000000000018,0.9757036589917986
60-year pole,digitized,71.90000000000018,0.9754411509231712
60-year pole,digitized,72.00000000000017,0.9754635675844484
60-year pole,digitized,72.10000000000016,0.9756076055912192
60-year pole,digitized,72.20000000000017,0.9746845182766616
60-year pole,digitized,72.30000000000015,0.9756009942753324
60-year pole,digitized,72.40000000000015,0.9770109267892504
60-year pole,digitized,72.50000000000014,0.9782308299922332
60-year pole,digitized,72.60000000000014,0.9782232377492136
60-year pole,digitized,72.70000000000013,0.9782371934741332
60-year pole,digitized,72.80000000000013,0.9781513852111052
60-year pole,digitized,72.90000000000012,0.978185267348169
60-year pole,digitized,73.00000000000013,0.9776213744803404
60-year pole,digitized,73.10000000000011,0.9780076266403782
60-year pole,digitized,73.2000000000001,0.9784764108344975
60-year pole,digitized,73.30000000000011,0.9790117712792936
60-year pole,digitized,73.40000000000009,0.979597752191361
60-year pole,digitized,73.50000000000009,0.980218397787295
60-year pole,digitized,73.60000000000008,0.9808577522836902
60-year pole,digitized,73.70000000000007,0.981499859897142
60-year pole,digitized,73.80000000000007,0.9821287648442448
60-year pole,digitized,73.90000000000006,0.9827285113415942
60-year pole,digitized,74.00000000000006,0.9832831436057844
60-year pole,digitized,74.10000000000007,0.983776705853411
60-year pole,digitized,74.20000000000005,0.9841932423010684
60-year pole,digitized,74.30000000000004,0.984729245915986
60-year pole,digitized,74.40000000000003,0.9836320210630616
60-year pole,digitized,74.50000000000003,0.983700005681608
60-year pole,digitized,74.60000000000002,0.9837250317063124
60-year pole,digitized,74.70000000000002,0.9840585871994196
60-year pole,digitized,74.80000000000001,0.984882054149011
60-year pole,digitized,74.90000000000002,0.985557449110617
60-year pole,digitized,75.0,0.986249361833214
60-year pole,digitized,75.1,0.9868476555800938
60-year pole,digitized,75.2,0.9874013343693704
60-year pole,digitized,75.29999999999998,0.9871931367077632
60-year pole,digitized,75.39999999999998,0.986461647847206
60-year pole,digitized,75.49999999999997,0.9873021335873448
60-year pole,digitized,75.59999999999997,0.9868464007633204
60-year pole,digitized,75.69999999999996,0.9872722379371748
60-year pole,digitized,75.79999999999995,0.9874647858406096
60-year pole,digitized,75.89999999999995,0.9876856460232578
60-year pole,digitized,75.99999999999996,0.9879281234880392
60-year pole,digitized,76.09999999999994,0.9881855232378728
60-year pole,digitized,76.19999999999993,0.988451150275678
60-year pole,digitized,76.29999999999993,0.988718309604374
60-year pole,digitized,76.39999999999993,0.9889803062268804
60-year pole,digitized,76.49999999999991,0.9892304451461162
60-year pole,digitized,76.59999999999992,0.989462031365001
60-year pole,digitized,76.6999999999999,0.989668369886454
60-year pole,digitized,76.79999999999991,0.989842765713394
60-year pole,digitized,76.8999999999999,0.9899588379855908
60-year pole,digitized,76.99999999999989,0.9899090754297186
60-year pole,digitized,77.0999999999999,0.9898950835438388
60-year pole,digitized,77.19999999999989,0.9898736521859608
60-year pole,digitized,77.29999999999987,0.9897685236708
60-year pole,digitized,77.39999999999988,0.9900157308912768
60-year pole,digitized,77.49999999999987,0.99043066630539
60-year pole,digitized,77.59999999999985,0.9909311133677432
60-year pole,digitized,77.69999999999986,0.9914760597047572
60-year pole,digitized,77.79999999999984,0.9920244929428532
60-year pole,digitized,77.89999999999985,0.9925354007084516
60-year pole,digitized,77.99999999999984,0.992967770627974
60-year pole,digitized,78.09999999999982,0.993280590327841
60-year pole,digitized,78.19999999999983,0.9933299259146682
60-year pole,digitized,78.29999999999983,0.9934579884352748
60-year pole,digitized,78.3999999999998,0.9936204149666064
60-year pole,digitized,78.49999999999982,0.9938123351219592
60-year pole,digitized,78.5999999999998,0.9940288785146288
60-year pole,digitized,78.6999999999998,0.9942651747579112
60-year pole,digitized,78.7999999999998,0.9945163534651018
60-year pole,digitized,78.89999999999978,0.994777544249497
60-year pole,digitized,78.99999999999979,0.9950438767243924
60-year pole,digitized,79.09999999999978,0.9953104805030836
60-year pole,digitized,79.19999999999976,0.9955724851988668
60-year pole,digitized,79.29999999999977,0.9958250204250374
60-year pole,digitized,79.39999999999976,0.9960632157948914
60-year pole,digitized,79.49999999999974,0.9962822009217248
60-year pole,digitized,79.59999999999975,0.9964771054188332
60-year pole,digitized,79.69999999999973,0.9966430588995124
60-year pole,digitized,79.79999999999974,0.9969627587468652
60-year pole,digitized,79.89999999999974,0.99590738648572
60-year pole,digitized,79.99999999999972,0.9960856858105293
60-year pole,digitized,80.09999999999972,0.9960736236572596
60-year pole,digitized,80.19999999999972,0.9960703101405288
60-year pole,digitized,80.2999999999997,0.9960712072720904
60-year pole,digitized,80.39999999999971,0.9960709368363064
60-year pole,digitized,80.49999999999969,0.99607454333914
60-year pole,digitized,80.5999999999997,0.9960586070786224
60-year pole,digitized,80.69999999999969,0.9960380051632866
60-year pole,digitized,80.79999999999967,0.996094214741126
60-year pole,digitized,80.89999999999968,0.9961771306549106
60-year pole,digitized,80.99999999999967,0.9962728768116036
60-year pole,digitized,81.09999999999965,0.9963799073419548
60-year pole,digitized,81.19999999999966,0.9964966763767128
60-year pole,digitized,81.29999999999966,0.9966216380466264
60-year pole,digitized,81.39999999999965,0.9967532464824452
60-year pole,digitized,81.49999999999964,0.9968899558149182
60-year pole,digitized,81.59999999999962,0.9970302201747944
60-year pole,digitized,81.69999999999963,0.9971724936928228
60-year pole,digitized,81.79999999999963,0.9973152304997523
60-year pole,digitized,81.89999999999961,0.9974568847263324
60-year pole,digitized,81.99999999999962,0.997595910503312
60-year pole,digitized,82.09999999999961,0.9977307619614398
60-year pole,digitized,82.19999999999959,0.9978598932314652
60-year pole,digitized,82.2999999999996,0.9979817584441376
60-year pole,digitized,82.39999999999958,0.9980948117302056
60-year pole,digitized,82.49999999999959,0.9988034684413492
60-year pole,digitized,82.59999999999958,0.9988139525898362
60-year pole,digitized,82.69999999999956,0.9988180091062184
60-year pole,digitized,82.79999999999957,0.9988169769549428
60-year pole,digitized,82.89999999999957,0.998817047146834
60-year pole,digitized,82.99999999999955,0.9988170663786192
60-year pole,digitized,83.09999999999955,0.998817060749282
60-year pole,digitized,83.19999999999955,0.998817061258133
60-year pole,digitized,83.29999999999954,0.9988170608563448
60-year pole,digitized,83.39999999999954,0.9988170614445898
60-year pole,digitized,83.49999999999952,0.9988170617592318
60-year pole,digitized,83.59999999999953,0.9988170621026718
60-year pole,digitized,83.69999999999952,0.9988170624461896
60-year pole,digitized,83.7999999999995,0.9988170627610647
60-year pole,digitized,83.89999999999951,0.9988170630185776
60-year pole,digitized,83.9999999999995,0.9988170631900072
60-year pole,digitized,84.09999999999948,0.9988170632466338
60-year pole,digitized,84.19999999999949,0.9988170631597372
60-year pole,digitized,84.29999999999949,0.9988170629005968
60-year pole,digitized,84.39999999999948,0.9988170624404924
60-year pole,digitized,84.49999999999947,0.9988170617507044
60-year pole,digitized,84.59999999999945,0.9988170539497994
60-year pole,digitized,84.69999999999946,0.998817068952884
60-year pole,digitized,84.79999999999946,0.9988172665055438
60-year pole,digitized,84.89999999999944,0.9988156436192934
60-year pole,digitized,84.99999999999945,0.9988194076708043
60-year pole,digitized,85.09999999999944,0.9988512297688336
60-year pole,digitized,85.19999999999943,0.9984294082636233
60-year pole,digitized,85.29999999999943,0.9981136600843322
60-year pole,digitized,85.39999999999941,0.9981263421111174
60-year pole,digitized,85.49999999999942,0.998131971274518
60-year pole,digitized,85.59999999999941,0.9981302376618694
60-year pole,lognormal_fit,20.0,8.339252042824973e-06
60-year pole,lognormal_fit,20.140280561122246,9.721254168403493e-06
60-year pole,lognormal_fit,20.28056112224449,1.1307783369061956e-05
60-year pole,lognormal_fit,20.420841683366735,1.3125297217087714e-05
60-year pole,lognormal_fit,20.561122244488978,1.5203144233888598e-05
60-year pole,lognormal_fit,20.701402805611224,1.7573814227853726e-05
60-year pole,lognormal_fit,20.841683366733466,2.0273203271203005e-05
60-year pole,lognormal_fit,20.981963927855713,2.334089351348768e-05
60-year pole,lognormal_fit,21.122244488977955,2.6820447971205545e-05
60-year pole,lognormal_fit,21.2625250501002,3.075972037025868e-05
60-year pole,lognormal_fit,21.402805611222444,3.5211180050876856e-05
60-year pole,lognormal_fit,21.54308617234469,4.0232251873392616e-05
60-year pole,lognormal_fit,21.683366733466933,4.588567098811961e-05
60-year pole,lognormal_fit,21.82364729458918,5.223985225387934e-05
60-year pole,lognormal_fit,21.96392785571142,5.936927400775973e-05
60-year pole,lognormal_fit,22.104208416833668,6.735487580386582e-05
60-year pole,lognormal_fit,22.24448897795591,7.628446965150682e-05
60-year pole,lognormal_fit,22.384769539078157,8.625316419394951e-05
60-year pole,lognormal_fit,22.5250501002004,9.736380117796556e-05
60-year pole,lognormal_fit,22.665330661322646,0.00010972740347243075
60-year pole,lognormal_fit,22.805611222444888,0.00012346363380171956
60-year pole,lognormal_fit,22.945891783567134,0.00013870126326707426
60-year pole,lognormal_fit,23.08617234468938,0.00015557864863710976
60-year pole,lognormal_fit,23.226452905811623,0.00017424421729764772
60-year pole,lognormal_fit,23.366733466933866,0.0001948569586617859
60-year pole,lognormal_fit,23.507014028056112,0.00021758692075399605
60-year pole,lognormal_fit,23.647294589178358,0.00024261571059773306
60-year pole,lognormal_fit,23.7875751503006,0.000270136996955051
60-year pole,lognormal_fit,23.927855711422847,0.0003003570138896652
60-year pole,lognormal_fit,24.06813627254509,0.00033349506355215974
60-year pole,lognormal_fit,24.208416833667336,0.0003697840165184226
60-year pole,lognormal_fit,24.34869739478958,0.00040947080795006356
60-year pole,lognormal_fit,24.488977955911825,0.0004528169277891734
60-year pole,lognormal_fit,24.629258517034067,0.000500098903149922
60-year pole,lognormal_fit,24.769539078156313,0.0005516087710261162
60-year pole,lognormal_fit,24.909819639278556,0.000607654539397891
60-year pole,lognormal_fit,25.050100200400802,0.0006685606347920583
60-year pole,lognormal_fit,25.190380761523045,0.0007346683343298917
60-year pole,lognormal_fit,25.33066132264529,0.0008063361802832993
60-year pole,lognormal_fit,25.470941883767537,0.0008839403751560467
60-year pole,lognormal_fit,25.61122244488978,0.0009678751553103193
60-year pole,lognormal_fit,25.751503006012022,0.0010585531411717983
60-year pole,lognormal_fit,25.89178356713427,0.0011564056620671133
60-year pole,lognormal_fit,26.032064128256515,0.0012618830537777124
60-year pole,lognormal_fit,26.172344689378757,0.001375454926932264
60-year pole,lognormal_fit,26.312625250501,0.0014976104044068044
60-year pole,lognormal_fit,26.452905811623246,0.001628858325957251
60-year pole,lognormal_fit,26.593186372745492,0.0017697274183724105
60-year pole,lognormal_fit,26.733466933867735,0.0019207664295076
60-year pole,lognormal_fit,26.87374749498998,0.002082544224638365
60-year pole,lognormal_fit,27.014028056112224,0.002255649843660827
60-year pole,lognormal_fit,27.15430861723447,0.0024406925177597157
60-year pole,lognormal_fit,27.294589178356713,0.002638301644266052
60-year pole,lognormal_fit,27.43486973947896,0.002849126718533922
60-year pole,lognormal_fit,27.5751503006012,0.0030738372217795147
60-year pole,lognormal_fit,27.715430861723448,0.003313122463944379
60-year pole,lognormal_fit,27.85571142284569,0.0035676913807690864
60-year pole,lognormal_fit,27.995991983967937,0.0038382722843919
60-year pole,lognormal_fit,28.13627254509018,0.004125612566919476
60-year pole,lognormal_fit,28.276553106212425,0.004430478356553044
60-year pole,lognormal_fit,28.41683366733467,0.004753654125991265
60-year pole,lognormal_fit,28.557114228456914,0.005095942252973276
60-year pole,lognormal_fit,28.697394789579157,0.005458162532966963
60-year pole,lognormal_fit,28.837675350701403,0.005841151644152015
60-year pole,lognormal_fit,28.97795591182365,0.006245762564991001
60-year pole,lognormal_fit,29.118236472945892,0.00667286394482662
60-year pole,lognormal_fit,29.258517034068134,0.007123339428085964
60-year pole,lognormal_fit,29.39879759519038,0.0075980869328152135
60-year pole,lognormal_fit,29.539078156312627,0.008098017884408419
60-year pole,lognormal_fit,29.67935871743487,0.008624056405532312
60-year pole,lognormal_fit,29.819639278557112,0.009177138463383978
60-year pole,lognormal_fit,29.95991983967936,0.00975821097554927
60-year pole,lognormal_fit,30.100200400801604,0.010368230875858912
60-year pole,lognormal_fit,30.240480961923847,0.011008164141761012
60-year pole,lognormal_fit,30.38076152304609,0.011678984784848292
60-year pole,lognormal_fit,30.521042084168336,0.012381673806291224
60-year pole,lognormal_fit,30.661322645290582,0.0131172181190351
60-year pole,lognormal_fit,30.80160320641283,0.013886609438721598
60-year pole,lognormal_fit,30.94188376753507,0.014690843145390497
60-year pole,lognormal_fit,31.082164328657313,0.015530917118103992
60-year pole,lognormal_fit,31.22244488977956,0.01640783054472032
60-year pole,lognormal_fit,31.362725450901806,0.017322582709115474
60-year pole,lognormal_fit,31.50300601202405,0.018276171758220466
60-year pole,lognormal_fit,31.64328657314629,0.019269593451299225
60-year pole,lognormal_fit,31.783567134268537,0.020303839893947326
60-year pole,lognormal_fit,31.923847695390783,0.021379898259331308
60-year pole,lognormal_fit,32.06412825651303,0.022498749499228834
60-year pole,lognormal_fit,32.20440881763527,0.02366136704745627
60-year pole,lognormal_fit,32.344689378757515,0.024868715518290604
60-year pole,lognormal_fit,32.48496993987976,0.026121749402506216
60-year pole,lognormal_fit,32.625250501002,0.027421411763651378
60-year pole,lognormal_fit,32.765531062124246,0.02876863293718764
60-year pole,lognormal_fit,32.90581162324649,0.030164329235101837
60-year pole,lognormal_fit,33.04609218436874,0.031609401658587714
60-year pole,lognormal_fit,33.186372745490985,0.033104734621363145
60-year pole,lognormal_fit,33.326653306613224,0.03465119468616304
60-year pole,lognormal_fit,33.46693386773547,0.036249629316903134
60-year pole,lognormal_fit,33.607214428857716,0.037900865648967774
60-year pole,lognormal_fit,33.74749498997996,0.03960570928002206
60-year pole,lognormal_fit,33.88777555110221,0.04136494308369089
60-year pole,lognormal_fit,34.02805611222445,0.04317932604838132
60-year pole,lognormal_fit,34.168336673346694,0.04504959214345871
60-year pole,lognormal_fit,34.30861723446894,0.04697644921490959
60-year pole,lognormal_fit,34.44889779559118,0.04896057791254464
60-year pole,lognormal_fit,34.589178356713425,0.05100263065071561
60-year pole,lognormal_fit,34.72945891783567,0.05310323060442297
60-year pole,lognormal_fit,34.86973947895792,0.055262970742609586
60-year pole,lognormal_fit,35.010020040080164,0.05748241290033054
60-year pole,lognormal_fit,35.1503006012024,0.0597620868913969
60-year pole,lognormal_fit,35.29058116232465,0.062102489662987294
60-year pole,lognormal_fit,35.430861723446895,0.06450408449361712
60-year pole,lognormal_fit,35.571142284569135,0.06696730023574847
60-year pole,lognormal_fit,35.71142284569138,0.06949253060422
60-year pole,lognormal_fit,35.85170340681363,0.07208013351156285
60-year pole,lognormal_fit,35.99198396793587,0.07473043045115746
60-year pole,lognormal_fit,36.13226452905812,0.07744370592908575
60-year pole,lognormal_fit,36.27254509018036,0.08022020694540555
60-year pole,lognormal_fit,36.412825651302605,0.08306014252547927
60-year pole,lognormal_fit,36.55310621242485,0.08596368330186666
60-year pole,lognormal_fit,36.69338677354709,0.08893096114719062
60-year pole,lognormal_fit,36.83366733466934,0.09196206885826852
60-year pole,lognormal_fit,36.97394789579158,0.09505705989169505
60-year pole,lognormal_fit,37.11422845691383,0.09821594815096218
60-year pole,lognormal_fit,37.254509018036075,0.10143870782509196
60-year pole,lognormal_fit,37.394789579158314,0.10472527327865006
60-year pole,lognormal_fit,37.53507014028056,0.10807553899292627
60-year pole,lognormal_fit,37.675350701402806,0.11148935955794204
60-year pole,lognormal_fit,37.815631262525045,0.11496654971488018
60-year pole,lognormal_fit,37.9559118236473,0.11850688444841445
60-year pole,lognormal_fit,38.09619238476954,0.1221100991283422
60-year pole,lognormal_fit,38.236472945891784,0.12577588969983344
60-year pole,lognormal_fit,38.37675350701403,0.12950391292152097
60-year pole,lognormal_fit,38.51703406813627,0.1332937866505875
60-year pole,lognormal_fit,38.65731462925852,0.13714509017391852
60-year pole,lognormal_fit,38.79759519038076,0.14105736458432488
60-year pole,lognormal_fit,38.93787575150301,0.1450301132007733
60-year pole,lognormal_fit,39.078156312625254,0.14906280203148214
60-year pole,lognormal_fit,39.21843687374749,0.1531548602787028
60-year pole,lognormal_fit,39.35871743486974,0.15730568088393038
60-year pole,lognormal_fit,39.498997995991985,0.16151462111224502
60-year pole,lognormal_fit,39.639278557114224,0.16578100317443378
60-year pole,lognormal_fit,39.77955911823648,0.1701041148854981
60-year pole,lognormal_fit,39.91983967935872,0.17448321035810593
60-year pole,lognormal_fit,40.06012024048096,0.17891751072953038
60-year pole,lognormal_fit,40.20040080160321,0.18340620492055082
60-year pole,lognormal_fit,40.34068136272545,0.1879484504247983
60-year pole,lognormal_fit,40.480961923847694,0.19254337412697886
60-year pole,lognormal_fit,40.62124248496994,0.19719007314839138
60-year pole,lognormal_fit,40.76152304609218,0.2018876157181585
60-year pole,lognormal_fit,40.90180360721443,0.20663504206853917
60-year pole,lognormal_fit,41.04208416833667,0.21143136535271423
60-year pole,lognormal_fit,41.18236472945892,0.21627557258342273
60-year pole,lognormal_fit,41.322645290581164,0.2211666255908069
60-year pole,lognormal_fit,41.4629258517034,0.22610346199783998
60-year pole,lognormal_fit,41.60320641282566,0.23108499621172163
60-year pole,lognormal_fit,41.743486973947896,0.23611012042960577
60-year pole,lognormal_fit,41.88376753507014,0.2411777056570661
60-year pole,lognormal_fit,42.02404809619239,0.24628660273769376
60-year pole,lognormal_fit,42.16432865731463,0.2514356433922552
60-year pole,lognormal_fit,42.30460921843687,0.25662364126583526
60-year pole,lognormal_fit,42.44488977955912,0.2618493929814416
60-year pole,lognormal_fit,42.58517034068136,0.2671116791985392
60-year pole,lognormal_fit,42.72545090180361,0.2724092656750258
60-year pole,lognormal_fit,42.86573146292585,0.2777409043311857
60-year pole,lognormal_fit,43.0060120240481,0.2831053343141895
60-year pole,lognormal_fit,43.14629258517034,0.28850128306172756
60-year pole,lognormal_fit,43.28657314629258,0.29392746736341924
60-year pole,lognormal_fit,43.42685370741483,0.2993825944186549
60-year pole,lognormal_fit,43.567134268537075,0.30486536288957283
60-year pole,lognormal_fit,43.707414829659314,0.3103744639479177
60-year pole,lognormal_fit,43.84769539078157,0.3159085823145568
60-year pole,lognormal_fit,43.987975951903806,0.3214663972904657
60-year pole,lognormal_fit,44.12825651302605,0.32704658377806295
60-year pole,lognormal_fit,44.2685370741483,0.3326478132917742
60-year pole,lognormal_fit,44.40881763527054,0.3382687549567897
60-year pole,lognormal_fit,44.54909819639279,0.34390807649500255
60-year pole,lognormal_fit,44.68937875751503,0.34956444519714924
60-year pole,lognormal_fit,44.829659318637276,0.35523652888025103
60-year pole,lognormal_fit,44.96993987975952,0.36092299682946266
60-year pole,lognormal_fit,45.11022044088176,0.36662252072350976
60-year pole,lognormal_fit,45.25050100200401,0.3723337755429221
60-year pole,lognormal_fit,45.390781563126254,0.37805544046032447
60-year pole,lognormal_fit,45.53106212424849,0.38378619971209244
60-year pole,lognormal_fit,45.671342685370746,0.38952474345072086
60-year pole,lognormal_fit,45.811623246492985,0.3952697685772986
60-year pole,lognormal_fit,45.95190380761523,0.401019979553536
60-year pole,lognormal_fit,46.09218436873748,0.4067740891928154
60-year pole,lognormal_fit,46.23246492985972,0.4125308194298066
60-year pole,lognormal_fit,46.37274549098196,0.41828890206821184
60-year pole,lognormal_fit,46.51302605210421,0.42404707950624637
60-year pole,lognormal_fit,46.65330661322645,0.4298041054395214
60-year pole,lognormal_fit,46.7935871743487,0.4355587455410171
60-year pole,lognormal_fit,46.93386773547094,0.44130977811788114
60-year pole,lognormal_fit,47.07414829659319,0.4470559947448361
60-year pole,lognormal_fit,47.21442885771543,0.4527962008740002
60-year pole,lognormal_fit,47.35470941883767,0.45852921642098043
60-year pole,lognormal_fit,47.494989979959925,0.4642538763271237
60-year pole,lognormal_fit,47.635270541082164,0.46996903109784527
60-year pole,lognormal_fit,47.77555110220441,0.4756735473170092
60-year pole,lognormal_fit,47.91583166332666,0.48136630813733056
60-year pole,lognormal_fit,48.056112224448896,0.48704621374684515
60-year pole,lognormal_fit,48.19639278557114,0.4927121818114928
60-year pole,lognormal_fit,48.33667334669339,0.4983631478939009
60-year pole,lognormal_fit,48.47695390781563,0.5039980658484909
60-year pole,lognormal_fit,48.61723446893788,0.5096159081930457
60-year pole,lognormal_fit,48.75751503006012,0.5152156664569132
60-year pole,lognormal_fit,48.897795591182366,0.5207963515060381
60-year pole,lognormal_fit,49.03807615230461,0.5263569938450549
60-year pole,lognormal_fit,49.17835671342685,0.5318966438966705
60-year pole,lognormal_fit,49.3186372745491,0.5374143722586223
60-year pole,lognormal_fit,49.45891783567134,0.5429092699384822
60-year pole,lognormal_fit,49.59919839679358,0.5483804485666319
60-year pole,lognormal_fit,49.739478957915836,0.5538270405877286
60-year pole,lognormal_fit,49.879759519038075,0.5592481994309992
60-year pole,lognormal_fit,50.02004008016032,0.564643099659748
60-year pole,lognormal_fit,50.16032064128257,0.5700109371004268
60-year pole,lognormal_fit,50.300601202404806,0.5753509289516822
60-year pole,lognormal_fit,50.44088176352706,0.5806623138737719
60-year pole,lognormal_fit,50.5811623246493,0.5859443520587727
60-year pole,lognormal_fit,50.721442885771545,0.5911963252820135
60-year pole,lognormal_fit,50.86172344689379,0.5964175369351571
60-year pole,lognormal_fit,51.00200400801603,0.6016073120414015
60-year pole,lognormal_fit,51.142284569138276,0.6067649972532376
60-year pole,lognormal_fit,51.28256513026052,0.6118899608332362
60-year pole,lognormal_fit,51.42284569138276,0.616981592618336
60-year pole,lognormal_fit,51.563126252505015,0.6220393039681077
60-year pole,lognormal_fit,51.703406813627254,0.627062527697464
60-year pole,lognormal_fit,51.8436873747495,0.6320507179943239
60-year pole,lognormal_fit,51.983967935871746,0.6370033503226897
60-year pole,lognormal_fit,52.124248496993985,0.6419199213116519
60-year pole,lognormal_fit,52.26452905811623,0.6467999486307933
60-year pole,lognormal_fit,52.40480961923848,0.6516429708524987
60-year pole,lognormal_fit,52.545090180360724,0.6564485473016507
60-year pole,lognormal_fit,52.68537074148296,0.6612162578932134
60-year pole,lognormal_fit,52.82565130260521,0.6659457029581775
60-year pole,lognormal_fit,52.965931863727455,0.6706365030583794
60-year pole,lognormal_fit,53.1062124248497,0.6752882987906494
60-year pole,lognormal_fit,53.24649298597195,0.679900750580795
60-year pole,lognormal_fit,53.38677354709419,0.6844735384678888
60-year pole,lognormal_fit,53.52705410821643,0.6890063618793287
60-year pole,lognormal_fit,53.66733466933868,0.6934989393971521
60-year pole,lognormal_fit,53.807615230460925,0.6979510085160584
60-year pole,lognormal_fit,53.947895791583164,0.7023623253936009
60-year pole,lognormal_fit,54.08817635270541,0.7067326645930068
60-year pole,lognormal_fit,54.22845691382766,0.7110618188190605
60-year pole,lognormal_fit,54.3687374749499,0.7153495986474984
60-year pole,lognormal_fit,54.50901803607214,0.7195958322483416
60-year pole,lognormal_fit,54.64929859719439,0.7238003651036031
60-year pole,lognormal_fit,54.789579158316634,0.7279630597197622
60-year pole,lognormal_fit,54.92985971943888,0.7320837953354522
60-year pole,lognormal_fit,55.07014028056112,0.7361624676247186
60-year pole,lognormal_fit,55.210420841683366,0.7401989883962852
60-year pole,lognormal_fit,55.35070140280561,0.7441932852891772
60-year pole,lognormal_fit,55.49098196392786,0.748145301465095
60-year pole,lognormal_fit,55.6312625250501,0.7520549952978981
60-year pole,lognormal_fit,55.77154308617234,0.7559223400605691
60-year pole,lognormal_fit,55.91182364729459,0.7597473236099761
60-year pole,lognormal_fit,56.052104208416836,0.7635299480698168
60-year pole,lognormal_fit,56.19238476953908,0.7672702295120329
60-year pole,lognormal_fit,56.33266533066132,0.7709681976370337
60-year pole,lognormal_fit,56.47294589178357,0.7746238954530464
60-year pole,lognormal_fit,56.61322645290581,0.7782373789548795
60-year pole,lognormal_fit,56.75350701402806,0.781808716802397
60-year pole,lognormal_fit,56.8937875751503,0.7853379899989863
60-year pole,lognormal_fit,57.034068136272545,0.7888252915703
60-year pole,lognormal_fit,57.17434869739479,0.7922707262435135
60-year pole,lognormal_fit,57.31462925851704,0.7956744101273769
60-year pole,lognormal_fit,57.454909819639276,0.7990364703932932
60-year pole,lognormal_fit,57.59519038076152,0.8023570449576529
60-year pole,lognormal_fit,57.73547094188377,0.8056362821656629
60-year pole,lognormal_fit,57.875751503006015,0.808874340476879
60-year pole,lognormal_fit,58.016032064128254,0.8120713881526499
60-year pole,lognormal_fit,58.1563126252505,0.8152276029456746
60-year pole,lognormal_fit,58.296593186372746,0.8183431717918535
60-year pole,lognormal_fit,58.43687374749499,0.8214182905046306
60-year pole,lognormal_fit,58.57715430861723,0.8244531634719799
60-year pole,lognormal_fit,58.71743486973948,0.8274480033562182
60-year pole,lognormal_fit,58.857715430861724,0.8304030307967754
60-year pole,lognormal_fit,58.99799599198397,0.8333184741160955
60-year pole,lognormal_fit,59.138276553106216,0.8361945690287962
60-year pole,lognormal_fit,59.278557114228455,0.8390315583542038
60-year pole,lognormal_fit,59.4188376753507,0.84182969173241
60-year pole,lognormal_fit,59.55911823647295,0.8445892253439555
60-year pole,lognormal_fit,59.699398797595194,0.8473104216332361
60-year pole,lognormal_fit,59.83967935871743,0.8499935490357597
60-year pole,lognormal_fit,59.97995991983968,0.8526388817093147
60-year pole,lognormal_fit,60.120240480961925,0.855246699269165
60-year pole,lognormal_fit,60.26052104208417,0.8578172865273297
60-year pole,lognormal_fit,60.40080160320641,0.8603509332360342
60-year pole,lognormal_fit,60.54108216432866,0.8628479338353925
60-year pole,lognormal_fit,60.6813627254509,0.865308587205377
60-year pole,lognormal_fit,60.82164328657315,0.8677331964221427
60-year pole,lognormal_fit,60.96192384769539,0.8701220685187386
60-year pole,lognormal_fit,61.102204408817634,0.8724755142502612
60-year pole,lognormal_fit,61.24248496993988,0.8747938478634736
60-year pole,lognormal_fit,61.38276553106213,0.8770773868709372
60-year pole,lognormal_fit,61.523046092184366,0.879326451829664
60-year pole,lognormal_fit,61.66332665330661,0.8815413661243288
60-year pole,lognormal_fit,61.80360721442886,0.8837224557550425
60-year pole,lognormal_fit,61.943887775551104,0.8858700491297021
60-year pole,lognormal_fit,62.08416833667335,0.8879844768609317
60-year pole,lognormal_fit,62.22444889779559,0.890066071567603
60-year pole,lognormal_fit,62.364729458917836,0.8921151676809467
60-year pole,lognormal_fit,62.50501002004008,0.8941321012552403
60-year pole,lognormal_fit,62.64529058116233,0.8961172097830647
60-year pole,lognormal_fit,62.78557114228457,0.8980708320151174
60-year pole,lognormal_fit,62.92585170340681,0.899993307784566
60-year pole,lognormal_fit,63.06613226452906,0.9018849778359177
60-year pole,lognormal_fit,63.206412825651306,0.9037461836583833
60-year pole,lognormal_fit,63.346693386773545,0.9055772673237106
60-year pole,lognormal_fit,63.48697394789579,0.9073785713284546
60-year pole,lognormal_fit,63.62725450901804,0.9091504384406541
60-year pole,lognormal_fit,63.76753507014028,0.9108932115508777
60-year pole,lognormal_fit,63.90781563126252,0.9126072335276021
60-year pole,lognormal_fit,64.04809619238478,0.9142928470768835
60-year pole,lognormal_fit,64.18837675350701,0.9159503946062804
60-year pole,lognormal_fit,64.32865731462925,0.9175802180929788
60-year pole,lognormal_fit,64.4689378757515,0.9191826589560808
60-year pole,lognormal_fit,64.60921843687375,0.9207580579330009
60-year pole,lognormal_fit,64.749498997996,0.9223067549599261
60-year pole,lognormal_fit,64.88977955911824,0.9238290890562817
60-year pole,lognormal_fit,65.03006012024048,0.9253253982131584
60-year pole,lognormal_fit,65.17034068136272,0.9267960192856395
60-year pole,lognormal_fit,65.31062124248497,0.9282412878889702
60-year pole,lognormal_fit,65.45090180360722,0.9296615382985225
60-year pole,lognormal_fit,65.59118236472946,0.931057103353486
60-year pole,lognormal_fit,65.7314629258517,0.932428314364235
60-year pole,lognormal_fit,65.87174348697394,0.933775501023306
60-year pole,lognormal_fit,66.0120240480962,0.9350989913199244
60-year pole,lognormal_fit,66.15230460921845,0.9363991114580266
60-year pole,lognormal_fit,66.29258517034069,0.9376761857777073
60-year pole,lognormal_fit,66.43286573146293,0.9389305366800333
60-year pole,lognormal_fit,66.57314629258516,0.9401624845551605
60-year pole,lognormal_fit,66.71342685370742,0.9413723477136903
60-year pole,lognormal_fit,66.85370741482966,0.9425604423212036
60-year pole,lognormal_fit,66.99398797595191,0.9437270823359073
60-year pole,lognormal_fit,67.13426853707415,0.9448725794493246
60-year pole,lognormal_fit,67.27454909819639,0.9459972430299792
60-year pole,lognormal_fit,67.41482965931863,0.9471013800699909
60-year pole,lognormal_fit,67.55511022044088,0.948185295134535
60-year pole,lognormal_fit,67.69539078156313,0.9492492903140873
60-year pole,lognormal_fit,67.83567134268537,0.9502936651794073
60-year pole,lognormal_fit,67.97595190380761,0.9513187167391777
60-year pole,lognormal_fit,68.11623246492985,0.9523247394002532
60-year pole,lognormal_fit,68.2565130260521,0.9533120249304472
60-year pole,lognormal_fit,68.39679358717436,0.9542808624237914
60-year pole,lognormal_fit,68.5370741482966,0.9552315382682168
60-year pole,lognormal_fit,68.67735470941884,0.9561643361155836
60-year pole,lognormal_fit,68.81763527054107,0.9570795368540024
60-year pole,lognormal_fit,68.95791583166333,0.9579774185823912
60-year pole,lognormal_fit,69.09819639278558,0.958858256587197
60-year pole,lognormal_fit,69.23847695390782,0.9597223233212343
60-year pole,lognormal_fit,69.37875751503006,0.9605698883845734
60-year pole,lognormal_fit,69.5190380761523,0.9614012185074226
60-year pole,lognormal_fit,69.65931863727455,0.962216577534948
60-year pole,lognormal_fit,69.79959919839679,0.9630162264139716
60-year pole,lognormal_fit,69.93987975951904,0.9638004231814941
60-year pole,lognormal_fit,70.08016032064128,0.9645694229549824
60-year pole,lognormal_fit,70.22044088176352,0.9653234779243745
60-year pole,lognormal_fit,70.36072144288576,0.9660628373457383
60-year pole,lognormal_fit,70.50100200400801,0.9667877475365385
60-year pole,lognormal_fit,70.64128256513027,0.9674984518724584
60-year pole,lognormal_fit,70.78156312625251,0.9681951907857188
60-year pole,lognormal_fit,70.92184368737475,0.9688782017648525
60-year pole,lognormal_fit,71.06212424849699,0.9695477193558759
60-year pole,lognormal_fit,71.20240480961924,0.9702039751648153
60-year pole,lognormal_fit,71.34268537074149,0.9708471978615345
60-year pole,lognormal_fit,71.48296593186373,0.9714776131848203
60-year pole,lognormal_fit,71.62324649298597,0.972095443948677
60-year pole,lognormal_fit,71.76352705410821,0.9727009100497852
60-year pole,lognormal_fit,71.90380761523046,0.97329422847608
60-year pole,lognormal_fit,72.04408817635272,0.973875613316404
60-year pole,lognormal_fit,72.18436873747495,0.9744452757711942
60-year pole,lognormal_fit,72.3246492985972,0.9750034241641587
60-year pole,lognormal_fit,72.46492985971943,0.9755502639549021
60-year pole,lognormal_fit,72.60521042084169,0.9760859977524604
60-year pole,lognormal_fit,72.74549098196393,0.976610825329705
60-year pole,lognormal_fit,72.88577154308618,0.9771249436385783
60-year pole,lognormal_fit,73.02605210420842,0.9776285468261211
60-year pole,lognormal_fit,73.16633266533066,0.9781218262512572
60-year pole,lognormal_fit,73.3066132264529,0.9786049705022987
60-year pole,lognormal_fit,73.44689378757515,0.979078165415135
60-year pole,lognormal_fit,73.5871743486974,0.9795415940920741
60-year pole,lognormal_fit,73.72745490981964,0.9799954369213002
60-year pole,lognormal_fit,73.86773547094188,0.9804398715969185
60-year pole,lognormal_fit,74.00801603206412,0.9808750731395491
60-year pole,lognormal_fit,74.14829659318637,0.9813012139174475
60-year pole,lognormal_fit,74.28857715430863,0.9817184636681139
60-year pole,lognormal_fit,74.42885771543087,0.9821269895203665
60-year pole,lognormal_fit,74.5691382765531,0.98252695601685
60-year pole,lognormal_fit,74.70941883767534,0.9829185251369481
60-year pole,lognormal_fit,74.8496993987976,0.9833018563200785
60-year pole,lognormal_fit,74.98997995991985,0.9836771064893381
60-year pole,lognormal_fit,75.13026052104209,0.9840444300754796
60-year pole,lognormal_fit,75.27054108216433,0.9844039790411876
60-year pole,lognormal_fit,75.41082164328657,0.984755902905637
60-year pole,lognormal_fit,75.55110220440882,0.9851003487693063
60-year pole,lognormal_fit,75.69138276553106,0.9854374613390229
60-year pole,lognormal_fit,75.83166332665331,0.9857673829532239
60-year pole,lognormal_fit,75.97194388777555,0.9860902536074027
60-year pole,lognormal_fit,76.11222444889779,0.9864062109797292
60-year pole,lognormal_fit,76.25250501002003,0.9867153904568197
60-year pole,lognormal_fit,76.39278557114228,0.9870179251596366
60-year pole,lognormal_fit,76.53306613226454,0.9873139459695017
60-year pole,lognormal_fit,76.67334669338678,0.987603581554205
60-year pole,lognormal_fit,76.81362725450902,0.9878869583941899
60-year pole,lognormal_fit,76.95390781563125,0.9881642008087999
60-year pole,lognormal_fit,77.09418837675351,0.9884354309825704
60-year pole,lognormal_fit,77.23446893787576,0.98870076899155
60-year pole,lognormal_fit,77.374749498998,0.9889603328296354
60-year pole,lognormal_fit,77.51503006012024,0.989214238434908
60-year pole,lognormal_fit,77.65531062124248,0.989462599715956
60-year pole,lognormal_fit,77.79559118236473,0.9897055285781701
60-year pole,lognormal_fit,77.93587174348698,0.9899431349499992
60-year pole,lognormal_fit,78.07615230460922,0.9901755268091554
60-year pole,lognormal_fit,78.21643286573146,0.990402810208754
60-year pole,lognormal_fit,78.3567134268537,0.9906250893033806
60-year pole,lognormal_fit,78.49699398797596,0.9908424663750712
60-year pole,lognormal_fit,78.6372745490982,0.9910550418591977
60-year pole,lognormal_fit,78.77755511022045,0.9912629143702468
60-year pole,lognormal_fit,78.91783567134269,0.9914661807274854
60-year pole,lognormal_fit,79.05811623246493,0.9916649359804999
60-year pole,lognormal_fit,79.19839679358716,0.9918592734346057
60-year pole,lognormal_fit,79.33867735470942,0.9920492846761139
60-year pole,lognormal_fit,79.47895791583167,0.9922350595974501
60-year pole,lognormal_fit,79.61923847695391,0.9924166864221186
60-year pole,lognormal_fit,79.75951903807615,0.9925942517295028
60-year pole,lognormal_fit,79.89979959919839,0.992767840479496
60-year pole,lognormal_fit,80.04008016032064,0.9929375360369582
60-year pole,lognormal_fit,80.1803607214429,0.9931034201959901
60-year pole,lognormal_fit,80.32064128256513,0.9932655732040196
60-year pole,lognormal_fit,80.46092184368737,0.9934240737856982
60-year pole,lognormal_fit,80.60120240480961,0.9935789991665976
60-year pole,lognormal_fit,80.74148296593187,0.9937304250967062
60-year pole,lognormal_fit,80.88176352705412,0.9938784258737187
60-year pole,lognormal_fit,81.02204408817636,0.9940230743661151
60-year pole,lognormal_fit,81.1623246492986,0.9941644420360272
60-year pole,lognormal_fit,81.30260521042084,0.9943025989618857
60-year pole,lognormal_fit,81.44288577154309,0.9944376138608478
60-year pole,lognormal_fit,81.58316633266533,0.9945695541110012
60-year pole,lognormal_fit,81.72344689378758,0.9946984857733406
60-year pole,lognormal_fit,81.86372745490982,0.994824473613517
60-year pole,lognormal_fit,82.00400801603206,0.9949475811233537
60-year pole,lognormal_fit,82.1442885771543,0.9950678705421316
60-year pole,lognormal_fit,82.28456913827655,0.9951854028776372
60-year pole,lognormal_fit,82.4248496993988,0.9953002379269753
60-year pole,lognormal_fit,82.56513026052104,0.9954124342971432
60-year pole,lognormal_fit,82.70541082164328,0.9955220494253663
60-year pole,lognormal_fit,82.84569138276552,0.9956291395991914
60-year pole,lognormal_fit,82.98597194388778,0.9957337599763418
60-year pole,lognormal_fit,83.12625250501003,0.9958359646043277
60-year pole,lognormal_fit,83.26653306613227,0.9959358064398156
60-year pole,lognormal_fit,83.40681362725451,0.9960333373677556
60-year pole,lognormal_fit,83.54709418837675,0.9961286082202632
60-year pole,lognormal_fit,83.687374749499,0.9962216687952609
60-year pole,lognormal_fit,83.82765531062125,0.996312567874875
60-year pole,lognormal_fit,83.96793587174349,0.99640135324359
60-year pole,lognormal_fit,84.10821643286573,0.9964880717061609
60-year pole,lognormal_fit,84.24849699398797,0.9965727691052826
60-year pole,lognormal_fit,84.38877755511022,0.9966554903390189
60-year pole,lognormal_fit,84.52905811623246,0.9967362793779903
60-year pole,lognormal_fit,84.66933867735472,0.9968151792823211
60-year pole,lognormal_fit,84.80961923847696,0.9968922322183491
60-year pole,lognormal_fit,84.9498997995992,0.9969674794750951
60-year pole,lognormal_fit,85.09018036072145,0.9970409614804974
60-year pole,lognormal_fit,85.23046092184369,0.9971127178174085
60-year pole,lognormal_fit,85.37074148296593,0.9971827872393596
60-year pole,lognormal_fit,85.51102204408818,0.9972512076860893
60-year pole,lognormal_fit,85.65130260521042,0.9973180162988423
60-year pole,lognormal_fit,85.79158316633267,0.9973832494354373
60-year pole,lognormal_fit,85.93186372745491,0.9974469426851056
60-year pole,lognormal_fit,86.07214428857715,0.997509130883103
60-year pole,lognormal_fit,86.2124248496994,0.9975698481250966
60-year pole,lognormal_fit,86.35270541082164,0.9976291277813272
60-year pole,lognormal_fit,86.4929859719439,0.9976870025105492
60-year pole,lognormal_fit,86.63326653306613,0.9977435042737526
60-year pole,lognormal_fit,86.77354709418837,0.9977986643476642
60-year pole,lognormal_fit,86.91382765531063,0.9978525133380339
60-year pole,lognormal_fit,87.05410821643287,0.9979050811927069
60-year pole,lognormal_fit,87.1943887775551,0.9979563972144824
60-year pole,lognormal_fit,87.33466933867736,0.9980064900737632
60-year pole,lognormal_fit,87.4749498997996,0.9980553878209966
60-year pole,lognormal_fit,87.61523046092185,0.998103117898909
60-year pole,lognormal_fit,87.75551102204409,0.9981497071545378
60-year pole,lognormal_fit,87.89579158316633,0.9981951818510588
60-year pole,lognormal_fit,88.03607214428858,0.9982395676794179
60-year pole,lognormal_fit,88.17635270541082,0.9982828897697613
60-year pole,lognormal_fit,88.31663326653306,0.9983251727026742
60-year pole,lognormal_fit,88.45691382765531,0.9983664405202235
60-year pole,lognormal_fit,88.59719438877755,0.9984067167368121
60-year pole,lognormal_fit,88.7374749498998,0.9984460243498435
60-year pole,lognormal_fit,88.87775551102204,0.9984843858502007
60-year pole,lognormal_fit,89.01803607214428,0.998521823232541
60-year pole,lognormal_fit,89.15831663326654,0.9985583580054097
60-year pole,lognormal_fit,89.29859719438878,0.9985940112011739
60-year pole,lognormal_fit,89.43887775551103,0.9986288033857796
60-year pole,lognormal_fit,89.57915831663327,0.9986627546683347
60-year pole,lognormal_fit,89.71943887775551,0.998695884710518
60-year pole,lognormal_fit,89.85971943887776,0.99872821273582
60-year pole,lognormal_fit,90.0,0.9987597575386149
